3V Feed & Garden Supply,28342 Hwy 145,Madera,CA,93638,36.9791546,-120.0324182
84 Lumber Co - Bakersfield,101 Ming Ave,Bakersfield,CA,93307,35.3389094,-119.0041236
84 Lumber Co - Beaumont,350 E 1st St,Beaumont,CA,92223,33.9224526,-116.978103
84 Lumber Co - Clovis,800 Gettysburg Ave,Clovis,CA,93612,36.8004795,-119.6991775
84 Lumber Co - Grand Junction,779 22 Road,Grand Junction,CO,81505,39.1147603,-108.6478308
A & J Fencing,2336 Bates Ave,Concord,CA,94520,38.0129189,-122.037295
A C Houston Indio,83490 Indio Blvd,Indio,CA,92201,33.7146878,-116.2061428
A Square Lumber,1505 Industrial Ave,San Jose,CA,95112,37.3701882,-121.9001215
Ace Hardware Anacortes,1720 Q Avenue,Anacortes,WA,98221,48.507575,-122.6114913
Ackley Building Center,1402 Mill St,Brush,CO,80723,40.2616709,-103.6367269
Adams Lumber Colorado,6720 S Jordan Rd,Centennial,CO,80112,39.5940849,-104.8192275
Adams Lumber Nebraska,540 Broadway,Imperial,NE,69033,40.516748,-101.6431207
Adobe Lumber,150 S Napa Junction Road,American Canyon,CA,94503,38.178419,-122.2528355
Guys Fencing,550 Caletti Avenue,Windsor,CA,95492,38.5257718,-122.7936868
Trinity Fence,1175 Benicia Rd,Vallejo,CA,94591,38.08987,-122.213656
Viking Fence,3015 STATE HWY 3,BREMERTON,WA,98312,47.52972,-122.68912
TOWN AND COUNTRY FENCE,6410 212TH ST SW,LYNNWOOD,WA,98036,47.806052,-122.319605
WESTERN PACIFIC FENCE,23210 SE 282ND PL,MAPLE VALLEY,WA,98038,47.348738,-122.031587
AG West Supply - Hillsboro,185 W Main Extension,Hillsboro,OR,97123,45.5228939,-122.989827
AG West Supply - Madras,36 NW A St,Madras,OR,97741,44.6371231,-121.1303017
AG West Supply - Rickreall,9055 Rickreall Rd,Rickreall,OR,97371,44.92967,-123.2154543
Aguilar Fence Construction,6326 Main Avenue,Orangevale,CA,95662,38.6804649,-121.200982
Agwood Mill & Lumber,650 Kunzler Ranch Rd,Ukiah,CA,95482,39.179012,-123.201413
Aiken Ford Lumber,1040 Hayes St,Eugene,OR,97402,44.048316,-123.121874
Alamo Hardware,3211 Danville Blvd,Alamo,CA,94507,37.8487597,-122.0324031
Alamosa Building Supply,1403 Tremont Ave,Alamosa,CO,81101,37.466481,-105.8775621
Albeni Falls Building Supply,520 E Hwy 2,Oldtown,ID,83822,48.1860725,-117.0280169
All American Fence Corp,P.O. Box 3057,Danville,CA,94526,37.8006948,-121.9814354
All Bay Mill & Lumber Co,405 Green Island Rd,American Canyon,CA,94503,38.194151,-122.263575
All Form Const Supply,14850 Davis Road,Peyton,CO,80831,38.868466,-104.553169
Allied Building Products,20321 BROADWAY AVE,SNOHOMISH,WA,98296,47.812576,-122.1076
Allied Building Products,11440 SW Tiedeman Rd,Tigard,OR,97223,45.4364786,-122.7819046
Almquist Lumber,5301 Boyd Road,Arcata,CA,95521,40.9111084,-124.0679287
Alpine Fencing & Supplies,1427 Hwy 50,Delta,CO,81416,38.7627577,-108.0970994
Alpine Lumber -  Durango,63 Valle Escondido,Durango,CO,81301,37.2271252,-107.8081309
Alpine Lumber - Angel Fire,27 Halo Pine Terrace,Angel Fire,NM,87710,36.3969476,-105.2779602
Alpine Lumber - Buena Vista,212 N Colorado Ave,Buena Vista,CO,81211,38.84399,-106.13031
Alpine Lumber - Crested Butte,402 Belleview Street,Crested Butte,CO,81224,38.8670123,-106.9841311
Alpine Lumber - Eagle,111 E Chamber Road,Eagle,CO,81631,39.666374,-106.7942405
Alpine Lumber - Farmington,400 S Miller Ave,Farmington,NM,87401,36.725987,-108.201196
Alpine Lumber - Frederick (Erie),3766 Puritan Way,Erie,CO,80516,40.0844703,-104.9849407
Alpine Lumber - Granby,62500 Us Hwy 40,Granby,CO,80446,40.0723329,-105.9273416
Alpine Lumber - Montrose,61408 Jay Jay Rd,Montrose,CO,81401,38.5332609,-107.9359334
Alpine Lumber - Parker,18401 East Plaza Dr,Parker,CO,80134,39.526928,-104.7759279
Alpine Lumber - Steamboat Springs,1090 Pine Grove Rd #2,Steamboat Springs,CO,80487,40.721004,-77.9180227
Alpine Lumber - Telluride,140 Society Dr,Telluride,CO,81435,37.946153,-107.874094
Alpine Lumber - Denver,5800 North Pecos St,Denver,CO,80221,39.8004763,-105.0035916
American Dream Mercantile LLC,1912 NE 179th St,Ridgefield,WA,98642,45.7514472,-122.6522853
American Lumber - White City,6800 Crater Lake Hwy,White City,OR,97503,42.4151083,-122.8555843
American Lumber - Modesto,1231 Ninth St,Modesto,CA,95354,37.642683,-121.005252
American Lumber - Uvalde,207 S Getty St,Uvalde,TX,78801,29.207483,-99.785905
American Pallet Inc,1001 Knox Rd,Oakdale,CA,95361,37.760802,-120.834931
Anawalt Lumber Montrose,3711 N Verdugo Rd,Montrose,CA,91020,34.2043411,-118.2262354
Anawalt Lumber - Hollywood,1001 N Highland Ave,Hollywood,CA,90038,34.0893844,-118.3393222
Anawalt Lumber - Los Angeles,11060 W Pico Blvd,Los Angeles,CA,90064,34.036758,-118.434098
Anawalt Lumber - West Hollywood,641 N Robertson Blvd,West Hollywood,CA,90069,34.0820379,-118.385677
Anawalt Lumber & Materials Co.,11000 Burbank Blvd,North Hollywood,CA,91601,34.1716567,-118.3709368
Hartnagel Building Supply,3111 E Highway 101,Port Angeles,WA,98362,48.1048678,-123.3723355
Angeles Millwork & Lumber Company,1601 S C St,Port Angeles,WA,98363,48.113467,-123.462806
Arcata Lumber,1296 11Th St,Arcata,CA,95521,40.87204,-124.09077
Arkansas Valley Lumber,20363 E Hwy 50,Rocky Ford,CO,81067,38.0459773,-103.7020686
Arlington Hardware & Lumber,215 N Olympic Ave,Arlington,WA,98223,48.193994,-122.126082
Arrow Fence,10865 Sutter Ave,Pacoima,CA,91331,34.26802,-118.423239
Ashby Lumber - Concord,2295 Arnold Industrial Way,Concord,CA,94520,38.0087752,-122.0347602
Ashby Lumber - Berkeley,824 Ashby Ave,Berkeley,CA,94710,37.8504034,-122.2921024
Ashland Lumber,384 Oak St,Ashland,OR,97520,42.2005372,-122.7118053
Aztek Fencing,6545 E County Rd 14,Loveland,CO,80537,40.3492101,-104.9876095
B & B Farm Supply,48408 US 101,Langlois,OR,97450,42.9267961,-124.4499899
B&C True Value Home Center,2032 Nevada City Hwy,Grass Valley,CA,95945,39.238216,-121.0382425
Badger Building - Sagle,260 Chevy St,Sagle,ID,83860,48.2062216,-116.5593106
Badger Building - Post Falls,2813 E Seltice Way,Post Falls,ID,83854,47.711373,-116.910225
Badger Building - Kalispell,2930 Hwy 2 East,Kalispell,MT,59901,48.256512,-114.274181
Badger Building - Bonners Ferry,34 SWIFT LANE,BONNERS FERRY,ID,83805,48.6913257,-116.3163092
Baker Lumber,311 Pine Street,Kelso,WA,98626,46.1428726,-122.9106468
"Baker Lumber Co. & Building Materials, Inc.",1093 W Second St,Pomona,CA,91766,34.0577246,-117.7629093
Bakerview Spur Lumber,4010 Bakerview Spur,Bellingham,WA,98226,48.7860609,-122.447343
Bandon Supply,1120 Fillmore Ave SE,Bandon,OR,97411,43.1133399,-124.4090633
Barn Craft,93166 Prairie Rd,Junction City,OR,97448,44.191256,-123.201057
Barrelhead Building Supply,3551 SE Ferryslip Rd,South Beach,OR,97366,44.6128483,-124.0489407
Battle Ground Building Supply,16 NW 18Th Ave,Battle Ground,WA,98604,45.780965,-122.556014
Bay Area Fence & Deck,50 Umbarger Road,San Jose,CA,95111,37.2949883,-121.8509665
Bay Area Hay & Feed,101 N Greenville Rd,Livermore,CA,94550,37.7021229,-121.6966945
Bayley Lumber & Hardware Inc,200 Tule Creek Rd,Hayfork,CA,96041,40.5358551,-123.2191387
Bayside Building Materials,2075 S Norfolk St,San Mateo,CA,94403,37.55311,-122.2902445
Bayview Building Material,620 E Young St.,Elma,WA,98541,47.006185,-123.389607
Beaumont Do It Best Home Center,1538 E 6th St,Beaumont,CA,92223,33.9300214,-116.9523721
Bellingham Millworks,3879 Hannegan Rd,Bellingham,WA,98226,48.784463,-122.4430237
C&C Sand and Stone Co.,2635 Steel Dr,Colorado Springs,CO,80907,38.8694491,-104.8316646
Beronio Lumber,2525 Marin St,San Francisco,CA,94124,37.7479803,-122.4025688
Berry Lumber Inc,4607 Auburn Blvd,Sacramento,CA,95841,38.651962,-121.357282
Big B Lumber,6600 Brentwood Blvd,Brentwood,CA,94513,37.960233,-121.695157
Big Creek Lumber - Watsonville,1400 W Beach St,Watsonville,CA,95076,36.8999691,-121.7761265
Big Creek Lumber - Davenport,3564 Hwy 1,Davenport,CA,95017,37.0886301,-122.2730674
Big Creek Lumber - Santa Cruz,2801 Soquel Ave,Santa Cruz,CA,95062,36.986471,-121.98876
Big Creek Lumber - Paso Robles,745 Riverside Ave,Paso Robles,CA,93446,35.6219511,-120.6867893
Big Creek Lumber - Atwater,2050 Industrial Rd,Atwater,CA,95301,37.3589864,-120.5685312
Big Creek Lumber - Half Moon Bay,111 Main St,Half Moon Bay,CA,94019,37.46966,-122.43047
Big Johns Ace LLC,200 SW 2nd St,Cedaredge,CO,81413,38.9006269,-107.925478
Big R,310 8Th St,Greeley,CO,80631,40.424332,-104.682436
Big R Stores,7303 Crater Lake Hwy,White City,OR,97503,42.422544,-122.854041
Bighorn Landscape Materials LLC,7721 S Parker Rd,Aurora,CO,80016,39.5775488,-104.7924699
Outdoor Fence Co.,2780 19th St SE,Salem,OR,97302,44.9131913,-123.020439
Billboard Lumber,352 W 6th St,Riddle,OR,97469,42.951675,-123.370418
Bilt Wel Buildings,9001 Pan American Fwy NE,Albuquerque,NM,87113,35.1878836,-106.5818486
BJS Metals,1672 Sherman Ave,North Bend,OR,97459,43.4109367,-124.2240746
Black Crow Forest,18120 Bollinger Canyon Rd,San Ramon,CA,94582,37.811974,-122.040892
Blakely Hout True Value Home Center,1685 N National Ave,Chehalis,WA,98532,46.6770525,-122.9651463
Bleyhl Farm Service Inc,940 E Wine Country Rd,Grandview,WA,98930,46.253651,-119.880388
Bloedorn Lumber - Casper,665 S Walnut St,Casper,WY,82602,42.8439128,-106.3327026
Bloedorn Lumber - Cheyenne,1551 Stillwater Ave,Cheyenne,WY,82003,41.1589015,-104.8037008
Bloedorn Lumber - Douglas,333 S Riverbend Dr,Douglas,WY,82633,42.755933,-105.405323
Bloedorn Lumber - Fort Morgan,130 State St,Fort Morgan,CO,80701,40.2474051,-103.8002189
Bloedorn Lumber - Laramie,450 N 3Rd St,Laramie,WY,82073,41.3162138,-105.5930513
Bloedorn Lumber - Loveland,1810 W Eisenhower Blvd,Loveland,CO,80539,40.4067534,-105.1031063
Bloedorn Lumber - North Platte,3000 E 4Th St,North Platte,NE,69103,41.1326887,-100.7343951
Bloedorn Lumber - Torrington,219 W 21St Ave,Torrington,WY,82240,42.0650061,-104.1859861
Bloedorn Lumber - Wheatland,757 Water St,Wheatland,WY,82201,42.0534366,-104.9515716
Blue Ridge Forest Products Inc,10642 Industrial Ave ,Roseville,CA,95678,38.802241,-121.303046
Blue Spruce Building Materials Inc,310 Bluff St,Lake City,CO,81235,38.0294787,-107.3181704
Blue Mesa Lumber & Hardware,401 W Tomichi Ave,Gunnison,CO,81230,38.543998,-106.9311278
BMC West - Indio,45-491 Golf Center Pkwy,Indio,CA,92203,33.7342408,-116.1994655
BMC West - Colorado Springs,870 Paonia St,Colorado Springs,CO,80915,38.844353,-104.7162689
BMC West - Denver,1349 W 52nd Ave,Denver,CO,80221,39.7920144,-105.0029988
BMC - Fresno,1330 N Maple Ave,Fresno,CA,93703,36.7598944,-119.7449797
BMC West - Greeley,500 27th St,Greeley,CO,80631,40.3947729,-104.6847694
BMC - Modesto,4237 Murphy Rd,Modesto,CA,95358,37.6971588,-121.0728909
BMC West - Pueblo,2700 E Fourth St,Pueblo,CO,81001,38.271751,-104.561592
Everitt-Moore Lumber Co,464 Main St,Springfield,CO,81073,37.4096904,-102.6165447
Bohnhoff Lumber Co Inc,3411 E 26th St,Vernon,CA,90058,34.0125434,-118.2103028
Ideal Lumber & Hardware Inc.,827 W 1ST AVE,TOPPENISH,WA,98948,46.3754786,-120.3242931
Jacobs Lumber True Value,315 3rd St Hwy 12,KAMIAH,ID,83536,46.2271182,-116.0293071
Lake Chelan Building Supply,585 WAPATO WAY,MANSON,WA,98831,47.883935,-120.151817
Pro X Home Center,510374 HWY 95,BONNERS FERRY,ID,83805,48.9840349,-116.1731235
Western Materials,317 S 5th Ave,PASCO,WA,99301,46.227548,-119.092011
Bi-Rite Lumber Co,400 YAKIMA VALLEY HWY,SUNNYSIDE,WA,98944,46.3300961,-120.0157521
Brown Building Materials,112 N ERIE ST,SPOKANE,WA,99202,47.6592755,-117.3924623
"Haney Lumber & Supply, Inc.",1101 N Highway,COLVILLE,WA,99114,48.6481142,-117.5109474
Boise Cascade LLC - Lathrop,12030 S Harlan Rd,Lathrop,CA,95330,37.845359,-121.2793422
Boise Cascade LLC - Boise,4300 Enterprise,Boise,ID,83705,43.563483,-116.19746
Boise Cascade LLC - Riverside,7145 Arlington Ave,Riverside,CA,92503,33.947969,-117.450619
Boise Cascade LLC - Spokane,7020 E Mission Ave,Spokane Valley,WA,99212,47.6703915,-117.3107379
Boise Cascade LLC - Vancouver,3309 NW Lower River Road,Vancouver,WA,98660,45.644723,-122.70663
Boise Cascade LLC - Yakima,1512 S First St,Yakima,WA,98901,46.582275,-120.496734
Bourget Bros,1636 11th St,Santa Monica,CA,90404,34.018219,-118.484889
Boyce Lumber & Design Center,1410 S Russell St,Missoula,MT,59801,46.858776,-114.018028
Bracut International,4051 Hwy 101,Arcata,CA,95521,40.8271609,-124.086082
Breckenridge Building Center,13445 Hwy 9,Breckenridge,CO,80424,39.523037,-106.0462924
Bridge Building Supply,28701 NE 82nd Ave,Battle Ground,WA,98604,45.828922,-122.586794
Bridgewell Resources LLC,10200 SW Greenburg Rd #500,Tigard,OR,97223,45.4465447,-122.7735821
Brims Farm & Garden,34963 Hwy 101 Business,Astoria,OR,97103,46.153612,-123.840054
Brisco Mill & Lumber Company,1005 El Camino Real,Arroyo Grande,CA,93420,35.1238301,-120.5941694
Broadmoor Lumber & Plywood,1350 El Camino Real,San Francisco,CA,94080,37.6491402,-122.4303051
Bronson Lumber,10514 N McAlister Rd,La Grande,OR,97850,45.3457745,-118.045277
Gold Beach Lumber Yard â€“ Brookings/Harbor,16016 Hwy 101 S,Brookings,OR,97415,42.0433509,-124.2513797
Brothers Door & Trim LLC,1140 G Street,Seaside,OR,97138,46.019427,-123.914044
Bruce Bauer Lumber & Supply,134 San Antonio Circle,Mountain View,CA,94040,37.4076531,-122.1097241
Budget Home Centers,780 Boston Ave,Longmont,CO,80501,40.1578362,-105.1047604
Budget Lumber - Roseburg,3789 N Umpqua Hwy,Roseburg,OR,97470,43.213375,-123.301354
Budget Lumber - Medford,2577 W Main St,Medford,OR,97501,42.3228574,-122.9041502
Build Rite Lumber & Supply - Rawlins,1724 E Cedar St,Rawlins,WY,82301,41.7899691,-107.2208512
Build Rite Lumber & Supply - Saratoga,200 N 1st St.,Saratoga,WY,82331,41.4557423,-106.8076915
Builders Alliance,3801 Hannegan Rd,Bellingham,WA,98226,48.7827261,-122.4431812
Builders Supply Co. Inc,5701 S 72Nd Street,Omaha,NE,68127,41.201162,-96.0236921
Builders Supply - Chester,540 Main St,Chester,CA,96020,40.3043482,-121.233579
Parker Lumber - Palm Springs,490 E Sunny Dunes Rd,Palm Springs,CA,92264,33.8125442,-116.5430303
Parker Lumber - Yucca Valley,7054 Old Woman Springs Rd,Yucca Valley,CA,92284,34.125006,-116.415284
Builders Warehouse - Denver,6464 Downing St,Denver,CO,80229,39.814072,-104.971466
Builders Warehouse - Kearney,4600 2nd Ave,Kearney,NE,68847,40.7195079,-99.0852935
Builders Warehouse - Grand Island,824 S Webb Rd,Grand Island,NE,68803,40.9111956,-98.3787123
Building Material Bargain Ctr,775 NE Front St,Salem,OR,97301,44.9487041,-123.0386597
Building Material Distributors Inc,1200 WEST DEL NORTE ST,EUREKA,CA,95501,40.7907026,-124.1806926
Building Solutions LLC,62960 Boyd Acres Rd,Bend,OR,97701,44.086087,-121.294873
Built by Newkirk,417 E Wilshire Ave,Fullerton,CA,92832,33.872648,-117.9168625
Burgess Lumber,3610 Copperhill Ln,Santa Rosa,CA,95403,38.5080847,-122.7907411
Burke & Pace Lumber,971 Bennett Ave,Arroyo Grande,CA,93420,35.1207918,-120.5932126
Burns Feed Store,29215 SE Orient Dr,Gresham,OR,97080,45.4704903,-122.3622677
Butchers Block & Bldg Mtl,41860 Big Bear Blvd,Big Bear Lake,CA,92315,34.243702,-116.888883
C & E Lumber Co,2692 N Towne Ave,Pomona,CA,91767,34.0935446,-117.7362257
C&R Forest Products,3416 Mendocino Ave,Santa Rosa,CA,95403,38.4724562,-122.7247681
Cahan Wood Products Ltd,12835 Bel Red Rd #300,Bellevue,WA,98005,47.620769,-122.1685307
Calaveras Lumber,155 S Main St,Altaville,CA,95221,38.0813373,-120.5558483
California Redwood Gazebos,6261 Mariposa Rd,Oak Hills,CA,92344,34.36514,-117.4295546
California Redwood Products,384 S 2nd Ave #938,San Bernardino,CA,92408,32.5607782,-97.1443922
"California Timberline, Inc.",4650 Edison Ave,Chino,CA,91710,33.9979664,-117.7037959
Camps Lumber,1070 E Powell Blvd,Gresham,OR,97030,45.4977314,-122.420285
Canby Builders Supply,102 S Pine Street,Canby,OR,97013,45.2653084,-122.6815619
Cannon's Building Materials,1818 G Street,Lewiston,ID,83501,46.415132,-117.005817
Capital Lumber Cheyenne,1222 Dunn Ave,Cheyenne,WY,82001,41.135432,-104.798314
Capital Lumber True Value,3105 W State St,Boise,ID,83703,43.6333011,-116.2260607
"Carl's Building Supply, Inc.",10733 Rhody Dr,Port Hadlock,WA,98339
Carlson Hardware,111 Stanard Ave,Brownsville,OR,97327,44.395294,-122.983938
Carpinteria Valley Lumber,915 Elm Ave,Carpinteria,CA,93013,34.39966,-119.520375
Carr Trumbull Lumber,1310 Circle Dr,Scottsbluff,NE,69361,41.8676,-103.645
Cascade Concrete Accessories,3094 SE Tualatin Valley Hwy,Hillsboro,OR,97133,45.5019405,-122.9511094
Cascade Fence & Deck,4415 NE Minnehaha St,Vancouver,WA,98661,45.6669237,-122.6251173
Cascade Home Center - Creswell,104 S Mill St,Creswell,OR,97426,43.916766,-123.017288
Cascade Home Center - Cottage Grove,40 S 5th St,Cottage Grove,OR,97424,43.7966259,-123.0622382
Cascade Lumber,825 N Good Rd,Camano Island,WA,98282,48.24076,-122.418569
Cascade Supply,45900 Main St,Concrete,WA,98237,48.53834,-121.746604
Caseys Lumber,32859 N Hwy 67,Woodland Park,CO,80866,39.0648562,-105.0921867
Caseywood Corp,12249 Charles Drive,Grass Valley,CA,95945,39.218311,-121.01101
Castro Valley Lumber,2495 Castro Valley Blvd,Castro Valley,CA,94546,37.6925875,-122.0892267
Cathlamet Building Materials,57 Main St,Cathlamet,WA,98612,46.2026987,-123.3843903
Cattlemans Resource,223 Colorado Ave,Brush,CO,80723,40.2555973,-103.6217228
CBS Lumber Company,451 Santa Fe Dr,Pueblo,CO,81006,38.250413,-104.600532
Cedar Creek Lumber,950 B Fountain Street,Burlington,WA,98233,48.4831067,-122.3333461
Cedar Factory Outlet,22105 NE 72nd Ave,Battle Ground,WA,98604,45.7820351,-122.599578
"All That Wood, LLC",80764 N Hwy 395,Hermiston,OR,97838,45.8341205,-119.2858482
Cedar Fencing Outlet,891 NE 6th Street,Gresham,OR,97030,45.501937,-122.421755
Cedar Supply North,7720 S HWY 287,Fort Collins,CO,80525,40.478235,-105.076297
Celco Manufacturing Inc,4345 Telegraph Road,Los Angeles,CA,90023,34.019733,-118.178428
Central Building Supply,133 Range View Loop,Westcliffe,CO,81252,38.1509564,-105.4762319
Central Lane Building Supply,1593 W 5th Ave,Eugene,OR,97402,44.054673,-123.11641
Central Valley Builders Supply - American Canyon,1386 Green Island Road,American Canyon,CA,94503,38.198734,-122.279272
Central Valley Builders Supply - Woodland,535 Pioneer Ave,Woodland,CA,95776,38.6721539,-121.7436444
Cerro Pacific,8800 West Rd,Redwood Valley,CA,95470,39.269236,-123.222282
Champion Lumber Co,1313 Chicago Ave,Riverside,CA,92507,34.0000879,-117.3491174
Channel City Lumber,35 Aero Camino,Goleta,CA,93117,34.4367274,-119.848817
Channel Lumber,100 W Cutting Blvd,Richmond,CA,94804,37.9250639,-122.3696126
Chase Lumber Company,17600 Smith Rd,Aurora,CO,80011,39.7547421,-104.785233
Cheyenne Wells Lumber Inc,170 E 2Nd S,Cheyenne Wells,CO,80810,38.8191323,-102.3503126
Century Lumber Centers - Scottsbluff,1725 E Overland,Scottsbluff,NE,69361,41.861,-103.639
Century Lumber Centers - Torrington,1418 E K St,Torrington,WY,82240,42.0595357,-104.1699594
Chinook Lumber Inc,17606 176th St. SE,Snohomish,WA,98296,47.8370403,-122.1248067
Choice Building Supply,525 N Broadway,Cortez,CO,81321,37.354867,-108.590224
Cimarron Lumber & Supply,2701 S College Ave,Fort Collins,CO,80525,40.5477631,-105.0776556
City Lumber & Coal Yard,200 N 3rd St,Dayton,WA,99328,46.3218816,-117.9784578
City Lumber Of Astoria #3139,2142 Commercial St,Astoria,OR,97103,46.1898309,-123.818003
City Of Eugene Traffic Division,1820 Roosevelt,Eugene,OR,97401,44.061784,-123.119176
City of Vancouver,415 W 6th Street,Vancouver,WA,98660,45.6253454,-122.6755918
City Plywood,515 NE F Street,Grants Pass,OR,97526,42.438286,-123.320967
CJ Redwood,1179 W Washington Ave,Escondido,CA,92025,33.122957,-117.1036565
Clark Lumber,8460 SW Nyberg St.,Tualatin,OR,97062,45.3822188,-122.7633936
Clatskanie Builders Supply,70 NW 4th St,Clatskanie,OR,97016,46.1059062,-123.2028299
Coastal Construction,525 Sunol St,San Jose,CA,95101,37.319752,-121.9063391
Albany Coastal Farm and Ranch,"1355 Goldfish Farm Road, SE",Albany,OR,97322,44.627567,-123.047248
Auburn Coastal Farm and Ranch,1425 Super Mall Way,Auburn,WA,98001,47.2979027,-122.2507547
Cornelius Coastal Farm and Ranch,3865 Baseline Rd,Cornelius,OR,97113,45.5200844,-123.0637266
Wentachee Coastal Farm and Ranch,260 Highline Dr,East Wenatchee,WA,98802,47.4025368,-120.2838161
Eugene Coastal Farm and Ranch,2200 West 6th St,Eugene,OR,97402,44.0535659,-123.1260231
Gresham Coastal Farm and Ranch,2865 NE Hogan Dr,Gresham,OR,97030,45.5176712,-122.4135561
Mount Vernon Coastal Farm and Ranch,2021 Market St,Mount Vernon,WA,98273,48.4395524,-122.3392872
Oregon City Coastal Farm and Ranch,1900 McLoughlin Blvd SE,Oregon City,OR,97045,45.368713,-122.599427
Roseburg Coastal Farm and Ranch,740 NE Garden Valley Blvd,Roseburg,OR,97470,43.2272242,-123.3462076
The Dalles Coastal Farm and Ranch,2600 W 6th St,The Dalles,OR,97058,45.6156367,-121.2121451
Woodburn Coastal Farm and Ranch,1550 Mt Hood Ave,Woodburn,OR,97071,45.1495622,-122.8358346
Yakima Coastal Farm and Ranch,2112 S 1st St,Yakima,WA,98903,46.5714544,-120.4891306
Coeur d'Alene Builders Supply,655 W Clayton Ave,Coeur d'Alene,ID,83815,47.720444,-116.794896
Collbran Supply Inc,203 Main St,Collbran,CO,81624,39.239854,-107.961255
Colorado Contractor Solutions,1289 S 4th Ave #300,Brighton,CO,80601,42.8568862,-112.4341283
Columbia Hardware,24 NE 2nd St,Stevenson,WA,98648,45.6958911,-121.8788835
Community Lumber Co,54200 Maranatha Dr,Idyllwild,CA,92549,33.747431,-116.716722
Concannon Lumber Company,2950 SE Stark St #230,Portland,OR,97214,45.519117,-122.63525
Conifer Pacific,3540 2nd St,Hubbard,OR,97032,45.1815608,-122.8062753
Construction Supply - Aztec,600 NE Aztetc Blvd,Aztec,NM,87410,36.828665,-107.984156
Construction Supply - Bloomfield,912 W Broadway Ave,Bloomfield,NM,87413,36.711684,-107.990253
Construction Supply - Farmington,716 E Main St,Farmington,NM,87401,36.733248,-108.1944007
Convoy Supply Ltd. - Auburn,25 37th St NE,Auburn,WA,98002,47.3403399,-122.2254755
Convoy Supply Ltd. - Portland,3720 NW Yeon Ave,Portland,OR,97210,45.5476135,-122.7178276
Conwood Products,1701 W 31St St,Vancouver,WA,98660,45.643354,-122.688636
Coos Grange Supply,1085 South 2nd,Coos Bay,OR,97420,43.3568087,-124.2151756
Coos Head Builders,1672 Sherman Ave,North Bend,OR,97459,43.4109367,-124.2240746
Copeland Lumber Yards - Newport,345 E Olive St,Newport,OR,97365,44.6363201,-124.0487755
Copeland Lumber Yards - Florence,3231 Hwy 101 N,Florence,OR,97439,43.9946947,-124.1014319
Coquille Supply,10054 Hwy 42,Coquille,OR,97423,43.1492782,-124.1757383
County Line Lumber,4047 NE County Line Rd,Erie,CO,80516,40.046428,-105.0563895
Cramer's Home Building Centers - Wind Gap,519 N Broadway,Wind Gap,PA,18091,40.8556042,-75.2916119
Cramer's Home Building Centers - East Stroudsburg,320 N Courtland St,East Stroudsburg,PA,18301,41.0088148,-75.1844474
Cramer's Home Building Centers - Pocono Summit,128 Harvest Ln,Pocono Summit,PA,18346,41.1110328,-75.3813897
Crenshaw Lumber Co,1860 W 166th St,Gardena,CA,90247,33.8797631,-118.31146
Crescent Ace Hardware,840 Washington Blvd,Crescent City,CA,95531,41.7725648,-124.1848076
Crescent City Hay and Feed,160 Elk Valley Rd,Crescent City,CA,95531,41.753207,-124.183887
"Cross Country Pipeline Supply Co., Inc.",2251 Rifle St,Aurora,CO,80011,39.7503075,-104.7854666
Crystal Landscape Grading & Supplies,6616 N Garfield Ave,Loveland,CO,80538,40.4607624,-105.0767304
Cudahy Lumber,3010 SE Tualatin Valley Hwy,Hillsboro,OR,97123,45.5026811,-122.9510636
Sequoia Spa Shelters,2401 Q Street,Rio Linda,CA,95673,38.698194,-121.4101284
Curtis Lumber,2326 4th Ave E,Olympia,WA,98506,47.0462799,-122.8682109
Custom Cedar Products,16369 NE Sandy Blvd,Portland,OR,97230,45.5492925,-122.4935348
Cutter Lumber Products,1800 Hwy 20,Willits,CA,95490,39.405907,-123.383402
D & B Supply - Baker City,3515 Pocahontas Rd.,Baker City,OR,97814,44.7954976,-117.8504513
D & B Supply - Boise,6945 OVERLAND ROAD,BOISE,ID,83709,43.5897225,-116.2666211
D & B Supply - Caldwell,3816 Cleveland Blvd,Caldwell,ID,83605,43.6416012,-116.6574385
D & B Supply - Garden City,6650 N GLENWOOD St,GARDEN CITY,ID,83714,43.6642745,-116.2777551
D & B Supply - Jerome,1120 S. Lincoln Ave,Jerome,ID,83338,42.7142692,-114.51722
D & B Supply - La Grande,10101 East 1st Street,La Grande,OR,97850,45.3408993,-118.0452474
D & B Supply - Meridian,1725 East Fairview Ave,Meridian,ID,83642,43.6185479,-116.3717971
D & B Supply - Mountain Home,555 Airbase Road,Mountain Home,ID,83647,43.1266453,-115.6984048
D & B Supply - Nampa,3200 12th AVE RD,Nampa,ID,83686,43.53811,-116.5727234
D & B Supply - Ontario,519 SW 19th street,Ontario,OR,97914,44.0240185,-116.9935456
D & B Supply - Pendleton,850 Southgate Rd,Pendleton,OR,97801,45.6510807,-118.8143158
D & B Supply - Twin Falls,2964 Addison Ave. East,Twin Falls,ID,83301,42.562255,-114.422034
Dahlgrens Building Supply,58351 Columbia River Hwy,St Helens,OR,97051,45.8420142,-122.8362126
Darnell Hardware,1000 N Main St ,Gunnison,CO,81230,38.5552105,-106.9268898
Dateline Exports,7098 N Marine Dr,Portland,OR,97203,45.630134,-122.748319
Dave's Supply,2601 Warm Springs St,Carson City,NV,89701,39.1615051,-119.7387685
Day Lumber,2690 E Hwy 160,Pagosa Springs,CO,81147,37.288882,-106.977724
Day Star Industries Inc,13607 Pumice St,Santa Fe Springs,CA,90670,33.898522,-118.042008
Dels Building Supply,102 S Old Pacific Hwy,Myrtle Creek,OR,97457,42.985127,-123.320925
Denair Lumber - Denair,4501 Main St,Denair,CA,95316,37.5265468,-120.7980492
Denair Lumber - Riverbank,6512 Callender Ave,Riverbank,CA,95367,37.734339,-120.94432
Denver Lumber,1490 S Cherokee St,Denver,CO,80223,39.6897426,-104.9907531
Dependable Lumber,415 2nd St,Paonia,CO,81428,38.8671999,-107.594
Deschutes Pine Sales,19810 Village Office Ct #100,BEND,OR,97702,9.8690323,76.3016558
Diamond Home Center - Grants Pass,1881 NE 7th St,Grants Pass,OR,97526,42.4604747,-123.3182937
Diamond Home Center - Klamath Falls,2380 S 6th St,Klamath Falls,OR,97603,42.2117992,-121.760508
Diamond K Supply,3671 Mt Diablo Blvd,Lafayette,CA,94549,37.8903261,-122.1286926
Diamond Building Supply,2930 W Owens Rd,Deer Park,WA,99006,47.918601,-117.45504
Diamond Lake Lumber,325382 Hwy 2,Newport,WA,99156,48.0680325,-117.3430804
Diamond Pacific,150 Forni Rd,Placerville,CA,95667,38.7233179,-120.827471
Dicks Evergreen Fence and Deck,4815 SE Tualatin Valley Hwy,Hillsboro,OR,97123,45.5010737,-122.933251
Dinuba Lumber,441 W Tulare St,Dinuba,CA,93618,36.538464,-119.394327
Direct Lumber & Door of Colorado,8000 E 40th Ave,Denver,CO,80207,39.7722687,-104.8960743
Discount Lumber and Metal Roofing,2660 I-70 B Loop,Grand Junction,CO,81501,39.0692508,-108.5332457
Discount Lumber Building,8003 N Market St,Spokane,WA,99217,47.730083,-117.366247
Disdero Lumber,12301 SE Carpenter Dr,Clackamas,OR,97015,45.402441,-122.536712
DLD Lumber,1755 Egbert Ave,San Francisco,CA,94124,37.72586,-122.397207
Dolan's Lumber - Concord,2231 Monument Blvd,Concord,CA,94520,37.958558,-122.0368771
Dolan's Lumber - Pinole,990 San Pablo Ave,Pinole,CA,94564,38.0048627,-122.3047609
Don Abel Building Supply Inc.,9999 Glacier Hwy,Juneau,AK,99801,58.3695195,-134.6041838
Dons Garden Shop,6001 E Platte Ave,Colorado Springs,CO,80915,38.8384392,-104.7149734
Douglas County Farmers Co op,3171 NE Stephens St,Roseburg,OR,97470,43.2458186,-123.3519784
Douglas Lumber,1335 N Park St,Castle Rock,CO,80109,39.3826402,-104.8670384
Draegert Feed N Supply,505 Edison St,Brush,CO,80723,40.2553276,-103.6246718
E & E Lumber - Marysville,1364 State Ave,Marysville,WA,98270,48.0669621,-122.1754364
E & E Lumber - Sedro Woolley,201 W State St,Sedro Woolley,WA,98284,48.502558,-122.242674
Eagle Forest Products,222 W State St,Eagle,ID,83616,43.6954833,-116.3568848
Early Bird Supply Inc - Clarkston,1508 15th St,Clarkston,WA,99403,46.400172,-117.0691335
Early Bird Supply Inc - Grangeville,322 N D St,Grangeville,ID,83530,45.9287378,-116.129339
Eastman Building Products,8191 Elder Creek Rd,Sacramento,CA,95824,38.5113639,-121.4048357
Easy Green Greenhouse Manufacture,3191 N Marengo Ave,Altadena,CA,91001,34.198709,-118.1370091
Ebbetts Pass Lumber,981 Blagen Rd,Arnold,CA,95223,38.2570556,-120.3487608
Economy Lumber Campbell,720 Camden Ave,Campbell,CA,95008,37.277556,-121.94912
Economy Lumber Oakland,750 High St,Oakland,CA,94601,37.7686097,-122.2188901
Economy Plywood,6142 Crater Lake Ave,Central Point,OR,97502,42.4064941,-122.8551512
Economy Supply,1055 Tangent Street,Lebanon,OR,97355,44.5454748,-122.9227799
Edwards Building Center,33636 Hwy 6,Edwards,CO,81632,39.646235,-106.602648
Eliason Lumber,3040 W Nielsen Ave,Fresno,CA,93706,36.7436999,-119.845137
Elk Creek Forest,2215 NE Evans St,McMinnville,OR,97128,45.2246851,-123.1944772
Elk River Farm & Feed,2680 Copper Ridge Circle,Steamboat Springs,CO,80487,40.510927,-106.8563479
Empire Building Materials,6711 Desmet Rd,Missoula,MT,59808,46.933822,-114.099984
Empire Wood Products,61395 Hwy 101,Coos Bay,OR,97420,43.3679377,-124.2189772
Environmental Supply,1916 Sheldon Ave,Colorado Springs,CO,80904,38.8408793,-104.8563048
Escondido Lumber & True Value,310 S Quince St,Escondido,CA,92025,33.116345,-117.085966
Eugene True Value,2825 Willamette Street,Eugene,OR,97405,44.027845,-123.090218
Evergreen Supply,54304 Idaho 200,Clark Fork,ID,83811,48.1782931,-116.2299432
Factory Direct Housing,2750 West Capital Ave,West Sacramento,CA,95691,38.5796528,-121.5474733
Fairfax Lumber & Hardware,109 Broadway,Fairfax,CA,94978,37.9879484,-122.5918329
Farm & Home Lumber,701 7th Ave,Hudson,CO,80621,40.074879,-104.642341
Farmers Building Supply Inc,1741 Dowell Rd,Grants Pass,OR,97527,42.4193357,-123.3661633
Farmers Lumber & Supply,2190 S East Ave,Fresno,CA,93721,36.7199506,-119.7729062
Fence Factory - Ventura,1606 Los Angeles Ave,Ventura,CA,93004,34.2817186,-119.1459476
Fence Factory - Agoura Hills,29414 Roadside Dr,Agoura Hills,CA,91301,34.1462208,-118.7655063
Fence Factory - Santa Maria,2709 Santa Maria Way,Santa Maria,CA,93455,34.9104323,-120.4348532
Fence Specialties Inc.,330 Main St,Riverside,CA,92501,34.0168582,-117.3624761
Fenceworks Inc. - Fresno,1250 N Backer Ave,Fresno,CA,93703,36.7588126,-119.7429581
Fenceworks Inc. - Sacramento,6837 Power Inn Rd,Sacramento,CA,95828,38.5021287,-121.4083484
Economy Fence Center - Everett,1616 E Marine View Dr,Everett,WA,98201,47.995512,-122.1854917
Economy Fence Center - Tacoma,3304 S 30th St,Tacoma,WA,98409,47.2335386,-122.479064
Economy Fence Center - Redmond,7760 185th Ave NE,Redmond,WA,98052,47.674433,-122.0931586
Ferguson Enterprises,740 S 28th St,Washougal,WA,98671,45.571275,-122.340643
Fields Home Center,5285 Williams Hwy,Grants Pass,OR,97526,42.365527,-123.333156
Fischer Mill Supply,20990 S Fischers Mill Rd,Oregon City,OR,97045,45.34107,-122.438604
Fisher Hardware & Lumber Co.,1600 Lincoln Blvd,Santa Monica,CA,90404,34.0163815,-118.4882622
Flat Tops Ranch Supply,21475 Hwy 131,Phippsburg,CO,80469,40.2302929,-106.9434678
Foothill Home Improvement Center,15825 Foothill Blvd,Fontana,CA,92335,34.105174,-117.459657
Forbusco Lumber,1784 Smith Lane,Fortuna,CA,95540,40.5923427,-124.1488105
Forest Building Material,300 N May Ave,Oklahoma City,OK,73107,35.4697404,-97.564854
Forest Plywood Sales,14711 Artesia Blvd,La Mirada,CA,90638,33.8751652,-118.0170445
Cascade Fence Co. ,1209 Fergison Park Rd,Snohomish,WA,98290,47.929213,-122.09674
Foster Lumber Yard - Vallejo,3280 Sonoma Blvd,Vallejo,CA,94590,38.118663,-122.2543187
Foster Lumber Yard - Fairfield,1601 W Texas St,Fairfield,CA,94533,38.249057,-122.0566163
Fosters IWP,1271 Stowe Ave,Medford,OR,97501,42.339332,-122.897482
Four Corners Farm & Garden,70 Ph 10,Castle Rock,WA,98611,46.276736,-122.919911
Four Seasons Lumber Inc,539-850 Little Valley Rd,McArthur,CA,96056,40.998584,-121.286746
Four Seasons Supply Center,304 S Court St,Alturas,CA,96101,41.482161,-120.541041
Foxworth Galbraith Lumber - Colorado Springs,3131 N Nevada Ave,Colorado Springs,CO,80907,38.878236,-104.817448
Foxworth Galbraith Lumber - Woodland Park,300 S Chestnut,Woodland Park,CO,80863,38.9913314,-105.0622881
Franklin Building Supply - Boise,11700 Franklin Rd,Boise,ID,83709,43.6053691,-116.3291315
Franklin Building Supply - Fruitland,1200 Whitley Dr,Fruitland,ID,83619,44.0221763,-116.9235504
Franklin Building Supply - Elko,1335 W Idaho St,Elko,NV,89801,40.8258891,-115.7776511
Franklin Building Supply - Twin Falls,1390 Highland Ave E,Twin Falls,ID,83301,42.544463,-114.45687
Franklin Building Supply - McCall,14047 Hwy 55,McCall,ID,83638,44.8605993,-116.0908237
Franklin Building Supply - Pocatello,1951 Flandro Dr,Pocatello,ID,83202,42.910971,-112.452139
Franklin Building Supply - Winnemucca,3555 Construction Way,Winnemucca,NV,89445,40.9588895,-117.746252
Franklin Building Supply - Caldwell,4523 E Cleveland Blvd,Caldwell,ID,83605,43.6374865,-116.6491668
Franklin Building Supply - Bellevue,150 Glendale Rd,Bellevue,ID,83313,43.4236027,-114.2721346
Freeman Lumber,2624 El Camino Real N,Salinas,CA,93907,36.802231,-121.654731
Freres Building Supply - Stayton,101 N 1st St,Stayton,OR,97383,44.795511,-122.794887
Freres Building Supply - Jefferson,518 N 2nd St,Jefferson,OR,97352,44.722136,-123.010606
Fresno Grape Stake Yard,2838 S Elm Ave,Fresno,CA,93706,36.6980599,-119.7914662
Friedmans Home Improvement - Ukiah,1255 Airport Park Blvd,Ukiah,CA,95482,39.1303622,-123.1964655
Friedmans Home Improvement - Sonoma,1360 Broadway Ave,Sonoma,CA,95476,38.228419,-122.649388
Friedmans Home Improvement - Petaluma,429 N MCDOWELL BLVD,Petaluma,CA,94954,38.2525958,-122.6319371
Friedmans Home Improvement - Santa Rosa,4055 Santa Rosa Ave,Santa Rosa,CA,95407,38.3809365,-122.7146434
Fritch Forest Products Inc,18507 Waverly Dr,Snohomish,WA,98296,47.8291865,-122.0955225
Front Range Lumber,1741 S Wadsworth Blvd,Lakewood,CO,80232,39.6848009,-105.0819324
Frontier Building Supply,708 W St Route 20,Sedro Woolley,WA,98284,48.5251578,-122.1141641
Fruita Consumers Co-Op - Fruita,1650 Hwy 6 & 50,Fruita,CO,81521,32.173368,-98.618457
Fruita Consumers Co-Op - Nucla,966 Main St,Nucla,CO,81424,38.2615981,-108.5459676
Fruita Consumers Co-Op - Palisade,205 W 8th St,Palisade,CO,81526,39.105607,-108.351668
Fullmers Ace Hardware,820 W Tomichi Ave,Gunnison,CO,81230,38.5451486,-106.9371389
Ganahl Lumber - Anaheim,1220 E Ball Rd,Anaheim,CA,92805,33.8174887,-117.8935611
Ganahl Lumber - Buena Park,6586 Beach Blvd,Buena Park,CA,90621,33.8649867,-117.9975866
Ganahl Lumber - Capistrano Beach,34162 Doheny Park Dr,Capistrano Beach,CA,92624,33.4668652,-117.6767314
Ganahl Lumber - Corona,150 W Blaine St,Corona,CA,92880,33.8833494,-117.5666211
Ganahl Lumber - Laguna Beach,1765 Laguna Canyon Rd,Laguna Beach,CA,92651,33.556361,-117.7738429
Ganahl Lumber - Lake Forest,23132 Orange Ave,Lake Forest,CA,92630,33.626149,-117.690395
Ganahl Lumber - Los Alamitos,10742 Los Alamitos Blvd,Los Alamitos,CA,90720,33.806744,-118.070504
Ganahl Lumber - Costa Mesa,1275 S Bristol,Costa Mesa,CA,92626,33.668779,-117.883894
Ganahl Lumber - Pasadena,3003 E Colorado Blvd,Pasadena,CA,91107,34.1466789,-118.0882037
Gene Stringfield Building,2540 Roosevelt Blvd,Eugene,OR,97402,44.0631316,-123.1331391
General Building Materials,3901 York St,Denver,CO,80205,39.7713144,-104.9599289
Gerber Farm Supply,21879 S Springwater Rd,Estacada,OR,97023,45.287368,-122.378291
Geren's Farm Supply,33680 SE Kelso Rd,Boring,OR,97009,45.4178939,-122.316825
Gerresten Building,1900 Airport Rd,Roseburg,OR,97470,43.232995,-123.353376
Gibbs Lumber,1121 W Hayden Ave,Hayden ,ID,83835,47.759554,-116.801056
GK Equipment Rentals Inc,1840 SE 8th Ave,Camas,WA,98607,45.5803878,-122.3894719
Global Forest Products Inc.,5340 Brista St,Livermore,CA,94550,37.6969665,-121.7288318
Gold Beach Lumber Yard - Gold Beach,28680 Hunter Creek Loop,Gold Beach,OR,97444,42.3856901,-124.4159013
Golden State Lumber,1100 Andersen Dr,San Rafael,CA,94901,37.953101,-122.5021264
Golden State Lumber,3033 S Airport Way,Stockton,CA,95206,37.9214296,-121.2644269
Golden State Lumber,38801 Cherry St,Newark,CA,94560,37.521859,-122.013898
Golden State Lumber,601 Tunnel Ave,Brisbane,CA,94005,37.7028999,-122.3996992
Grainland CO OP,421 S Colorado Ave,Haxtun,CO,80731,40.639063,-102.6286147
Grange Co-Op - White City,8205 CRATER LAKE HWY,WHITE CITY,OR,97503,42.4355113,-122.842171
Grange Co-Op - Grants Pass,1710 W Schutzwohl Ln,Grants Pass,OR,97527,42.4178011,-123.3661461
Grange Co-Op - Central Point,225 S Front St,Central Point,OR,97502,42.3719853,-122.9153081
Grange Co-Op - Klamath Falls,2525 WASHBURN WAY,KLAMATH FALLS,OR,97603,42.2047312,-121.7563279
Grange Co-Op - Medford,2531 S PACIFIC HWY,Medford,OR,97501,42.3015506,-122.847984
Gray Lumber Company,3800 6th Ave,Tacoma,WA,98406,47.2550809,-122.48687
Greatwood Lumber,1555 S 1st St,Bennett,CO,80102,39.736324,-104.434735
Green Acre Sod Farms,7604 N Bryant Ave,Oklahoma City,OK,73131,35.5499211,-97.4550341
Greenhorn Valley True Value,6850 Hwy 165,Colorado City,CO,81019,37.9537818,-104.8129372
"Greenland Supply, Inc.",826 S La Brea Ave,Inglewood,CA,90301,33.9532942,-118.3524417
Greenleaf Trading LLC,1615 California St #312,Denver,CO,80202,37.7903458,-122.4210381
Grove Lumber & Building Supplies - Ontario,1300 S Campus Ave,Ontario,CA,91761,34.0506059,-117.6424808
Grove Lumber & Building Supplies - Romoland,27126 Watson Rd,Romoland,CA,92585,33.7509869,-117.1869107
GW Industries,9450 SW Commerce Cir #101,Wilsonville,OR,97070,45.3370513,-122.7741145
Hagle Lumber Company,3100 Somis Rd,Somis,CA,93066,34.252458,-118.995273
J.E. Hamilton and Sons,9718 271St St Nw,Stanwood,WA,98292,48.241296,-122.365083
Hammer & Wikan,5615 W Marginal Way SW,Seattle,WA,98106,47.5509717,-122.3469738
Hammer Lumber,399 Garfield St,Eugene,OR,97402,44.055107,-123.121823
Harbor Truss Inc,17496 Carpenterville Rd,Brookings,OR,97415,42.0818673,-124.3120633
Hardel Builders Center,2321 Harrison Ave NW,Olympia,WA,98507,47.045613,-122.930145
Hardware Sales,2034 James St,Bellingham,WA,98225,48.7573226,-122.4644544
Hasselblad Lumber Sales Inc,2012 N Pearl St Ste 301,Tacoma,WA,98406,47.2663801,-122.5160175
Hofmeister Building Center,321 S Colorado Ave,Haxtun,CO,80731,40.6401185,-102.6285976
Healdsburg Lumber Company,359 Hudson St,Healdsburg,CA,95448,38.6071422,-122.8639074
Gualala Building Supply,38501 S Hwy 1,Gualala,CA,95445,38.774917,-123.537144
Hells Canyon Lumber Sales,10400 NW Alphorn Ln,Hillsboro,OR,97124,45.594991,-122.904301
Hennick's Hardware - Lakeside,205 N 8th St,Lakeside,OR,97449,43.5779032,-124.1761344
Hennick's Hardware - Bandon,88296 Hwy 42 S,Bandon,OR,97411,43.1182266,-124.3920642
Herbert Lumber,656 Riddle Bypass Rd,Riddle,OR,97469,42.9714409,-123.3592415
Heritage Fence Of Colorado,10 Oak Ave,Eaton,CO,80615,40.524925,-104.7117311
Hermiston Lumber,80458 Hwy 395 N,Hermiston,OR,97838,45.8737601,-119.2938081
Hesters Log & Lumber,8178 Hwy 9,Kremmling,CO,80459,40.0280607,-106.3761947
Hi Way Lumber Co. Inc,2079 W Main St,Medford,OR,97501,42.323057,-122.895544
Hibbert Lumber,500 G St,Davis,CA,95616,38.5477056,-121.7397792
High Country Lumber,444 S Main St,Bishop,CA,93514,37.3581208,-118.3943148
High Plains Cattle Supply,16256 N Hwy 85,Platteville,CO,80651,40.2357349,-104.8208613
High Sierra Lumber & Supply,1201 S K St,Tulare,CA,93274,36.194953,-119.34408
Highland Lumber - Grand Lake,12525 U.S. 34,Grand Lake,CO,80447,40.2241863,-105.8545731
Highland Lumber - Tabernash,72399 U.S. 40,Tabernash,CO,80478,39.992167,-105.8383411
Hills Flat Lumber - Grass Valley,380 Railroad Ave,Grass Valley,CA,95945,39.221191,-121.048303
Hills Flat Lumber - Colfax,1000 S Canyon Way,Colfax,CA,95713,39.0887346,-120.95223
Hoch Lumber,100 S Main St,Yuma,CO,80759,40.1252784,-102.7237828
Holt Lumber Inc - Fresno,1916 S Cherry Ave,Fresno,CA,93721,36.722913,-119.782414
Holt Lumber Inc - Hanford,880 W 6th St,Hanford,CA,93230,36.324352,-119.658184
Holyoke Building Center,200 E Carnahan St,Holyoke,CO,80734,40.5866429,-102.3008313
Home Builders Center,1110 W Nickerson St,Seattle,WA,98119,47.655281,-122.371909
Guihen's Lumber & Landscapes,1006 E Olive St,Lamar,CO,81052,38.0883766,-102.6067128
Homestead Log Homes,6301 Crater Lake Hwy,Central Point,OR,97502,42.408012,-122.85828
Hometown Hardware,323 Spruce Street,Myrtle Point,OR,97458,43.065288,-124.1435097
Honsador Lumber,4950 NW Front Ave,PORTLAND,OR,97210,45.5603319,-122.7308162
Hoover Treated Wood Products,499 Dillard Gardens Rd,Winston,OR,97496,43.105883,-123.417603
Howie's Moulding Inc,8032 Allport Ave,Santa Fe Springs,CA,90670,33.9694562,-118.0640237
Hoyt's Hardware and Building Supply,440 N Pine St,Sisters,OR,97759,44.294165,-121.552142
Hughes Lumber,6345 Crater Lake Hwy,Central Point,OR,97502,42.408844,-122.8567818
Hulbert Lumber,37500 Cedar Blvd,Newark,CA,94560,37.5383234,-122.0196963
Hull-Oakes Lumber Co.,23837 Dawson Rd,Monroe,OR,97456,44.360829,-123.415904
Pioneer Sand Company Inc. - Brighton,13505 E 112th Ave,Brighton,CO,80603,39.8997131,-104.830266
Pioneer Sand Company Inc. - Littleton,8189 W Brandon Dr,Littleton,CO,80125,39.5446671,-105.0419661
Pioneer Sand Company Inc. - Boulder,6379 Valmont Rd,Boulder,CO,80301,40.0335281,-105.2026013
Pioneer Sand Company Inc. - Aurora,463 Airport Blvd,Aurora,CO,80011,39.7233808,-104.7924422
Hutchison Western,7460 Hwy 85,Adams City,CO,80022,39.8322622,-104.9246441
Hydrotech Manufacturing LLC,836 Mason Way,Medford,OR,97501,42.3486008,-122.9016718
Hylton Lumber,348 H St,Salida,CO,81201,38.535208,-105.997287
Idaho Springs Lumber,1965 Miner St,Idaho Springs,CO,80452,39.7418968,-105.5116895
Illinois Valley Building Supply,434 Caves Hwy,Cave Junction,OR,97523,42.1614,-123.639549
Industrial Steel & Supply,526 Virginia Ave,North Bend,OR,97459,43.4066102,-124.2225464
Insulated Component Structures,1901 E Prospect Rd,Fort Collins,CO,80525,40.5670108,-105.0438164
Island Fence,93114 Hwy 99 S,Junction City,OR,97448,44.2713522,-123.235693
Island Hardware & Supply,21 W Beach Rd,Eastsound,WA,98245,48.677753,-122.939944
IWP Sales & Distribution - Clackamas,14421 SE 98th Ct,Clackamas,OR,97015,45.417302,-122.561267
IWP Sales & Distribution - Medford,1271 Stowe Ave,Medford,OR,97501,42.339332,-122.897482
J & H Forest Products Inc.,3156 S Bown Way,Boise,ID,83706,43.5734292,-116.1552135
J&W Lumber Company - Escondido,1179 W Washington Ave,Escondido,CA,92025,33.122957,-117.1036565
J&W Lumber Company - El Cajon,430 S Marshall Ave,El Cajon,CA,92020,32.7902766,-116.9758695
J&W Lumber Company - San Marcos,2709 S Santa Fe Ave,San Marcos,CA,92069,33.160541,-117.2044527
J&W Lumber Company - Murrieta,25217 Jefferson Ave ,Murrieta,CA,92562,33.5522692,-117.2011964
J&W Lumber Company - Sorrento Valley,11135 Sorrento Valley Rd,San Diego,CA,92121,32.903916,-117.225408
J&W Lumber Company - Chula Vista,3817 Main St,Chula Vista,CA,91911,32.5942465,-117.0511887
J D Fields Lumber,1751 W 130th St,Gardena,CA,90249,33.915052,-118.308255
J M Thomas Forest Products,1530 E 64th Ave,Denver,CO,80229,39.81138,-104.9703849
Quality Truss & Lumber Inc.,21005 Hwy 30,Filer,ID,83328,42.563134,-114.615013
Ronco Building Supply,2580 OVERLAND AVE,BURLEY,ID,83318,42.5201723,-113.7939628
Sunroc Building Materials,2773 Industrial Dr,Ogden,UT,84401,41.2148671,-112.01484
Wheelwright Lumber Company,3127 Hooper Rd,Ogden,UT,84401,41.2081817,-112.0198152
Cashway Lumber Company,3205 10th St,Baker City,OR,97814,44.788422,-117.841803
Sunroc Building Materials,671 S Hwy 191,Rexburg,ID,83440,43.812285,-111.800508
ProBuild - Midvale,7380 S 700 W,MIDVALE,UT,84047,40.6171487,-111.9107854
J M Thomas Forest Products,1625 E Yamhill Rd,Boise,ID,83705,43.5503829,-116.162138
J M Thomas Forest Products,2525 U.S. 89,Ogden,UT,84404,41.3041183,-112.0044631
J&P WHOLESALE,3300 MEMORIAL DR,KLAMATH FALLS,OR,97601,42.18738,-121.789333
Jackson Milling & Lumber,24854 Avenue Tibbitts,Valencia,CA,91355,34.433194,-118.567516
Jacksonville Lumber,155 S 4th St,Jacksonville,OR,97530,42.3133989,-122.966794
Jake Johnson Enterprises,18019 Beall Rd SW,Vashon Island,WA,98070,47.443129,-122.450339
Jensen Sales,8980 S Santa Fe Dr,Littleton,CO,80125,39.4990246,-105.0078063
Jerry's Home Improvement Center - Springfield,2525 Olympic St,Springfield,OR,97477,44.0576901,-122.9911068
Jerry's Home Improvement Center - Eugene,2600 Hwy 99 N,Eugene,OR,97402,44.0973749,-123.16668
Jim Thorp Lumber,3561 Eagle Valley Rd,Yoncalla,OR,97499,43.6114109,-123.283481
JLR Drywall Supply,12680 W 20th St,Greeley,CO,80634,40.4061444,-104.8200727
Johnson Cashway Lumber,1900 10th St,Gering,NE,69341,41.8285,-103.659
Johnson Lumber Ace Hardware,600 Tennant Ave,Morgan Hill,CA,95037,37.116086,-121.6330761
Jordans Building Center,5000 Ward Rd,Wheat Ridge,CO,80033,39.787315,-105.137314
Josephine County Public Works,201 River Heights Way,Grants Pass,OR,97527,42.426787,-123.341659
Katella Plywood & Lmbr Co,8121 Katella Ave,Stanton,CA,90680,33.8035564,-117.9907133
Kelly Lumber,757 NE Santiam Blvd,Mill City,OR,97360,44.756143,-122.467507
Kelly-Wright Hardwoods Inc,450 Delta Ave,Brea,CA,92821,33.9255629,-117.910737
Kelseyville Lumber Supply,3555 N Main St,Kelseyville,CA,95451,38.9809384,-122.8467516
Kens Rental & Supply,126 Huntington Ave N,Castle Rock,WA,98611,46.2761293,-122.9069452
Kens Stakes & Supplies,193 S Mariposa Ave,Visalia,CA,93292,36.2970304,-119.2255636
Kerr Hardware,775 Chetco Ave,Brookings,OR,97415,42.0531084,-124.2857856
Kilgore Blackman Building Materials,5444 Commercial St SE,Salem,OR,97306,44.876609,-123.026094
Kingston Lumber Millwork & Supply,10900 NE State Hwy 104,Kingston,WA,98346,47.8020973,-122.5020105
Kitsap Lumber & Hardware,450 National Ave S,Bremerton,WA,98312,47.5585972,-122.6672274
Knecht Home Center,3090 E Main St,Canon City,CO,81212,38.4455643,-105.1935496
L&J Feed,531 14th Ave,Longview,WA,98632,46.123388,-122.943059
La Mesa Lumber,8255 University Ave,La Mesa,CA,91942,32.7672529,-117.019986
LA Spas,1311 N Blue Gum St,Anaheim,CA,92806,33.8550758,-117.8723602
La Veta True Value Hardware,1010 Cherry St,La Veta,CO,81055,37.5016029,-105.0132757
Lacamas Pellets & Feed,18110 NE 4th Plain Rd,Vancouver,WA,98682,45.6716285,-122.4856694
Lakeside Lumber,10600 SW Tualatin Sherway Rd,Tualatin,OR,97062,45.3745727,-122.7860757
Lamar Building Material,224 N Main St,Lamar,CO,81052,38.0915916,-102.6193932
Larsen Bros. Lumber,14200 Washington Ave,San Leandro,CA,94578,37.7074003,-122.1440273
Lathrop Woodworks,16175 S McKinley Ave,Lathrop,CA,95330,37.815053,-121.272987
Urban Garden Workshop,220 Redwood Hwy,Mill Valley,CA,94941,37.8917481,-122.5162019
LCW Lanoga Central Warehouse,9311 47TH AVE SW,LAKEWOOD,WA,98439,47.1729903,-122.5000751
Learned Lumber,635 Pacfic Coast Hwy,Hermosa Beach,CA,90254,33.8597882,-118.3917917
Lee Roy Jordan Lumber Company,2425 Burbank St,Dallas,TX,75235,32.84143,-96.861433
Lester Sales Inc.,1602 18th Ave,Sweet Home,OR,97386,44.401068,-122.7230236
Lewis True Value Mercantile,311 Bayfield Center Dr,Bayfield,CO,81122,37.234976,-107.600012
Lincoln Creek Lumber - Centralia,1621 Harrison Ave,Centralia,WA,98531,46.7348872,-122.9895749
Lincoln Creek Lumber - Tumwater,2421 93rd Ave SW,Tumwater,WA,98512,46.9518995,-122.9332875
Linde Vineyard Supply,9681 Rickreall Rd,Rickreall,OR,97371,44.9291393,-123.2279921
Lindsay Lumber Company,15101 Paramount Blvd,Paramount,CA,90723,33.8963418,-118.1602009
Little Mountain Hardware,2170 Hwy 141,Trout Lake,WA,98650,45.974086,-121.4999425
Lloyd's Equipment Co.,4722 W Mission Blvd,Ontario,CA,91762,34.056873,-117.701853
LMH Building Center,2018 S Prarie Ave,Pueblo,CO,81005,38.233387,-104.642992
LNL Lumber Outlet,61229 Hwy 101,Coos Bay,OR,97420,43.3679377,-124.2189772
Lodgepole Products,145 Sand Creek Rd,Laramie,WY,82070,41.2495906,-105.6127013
Lone Tree Lumber,648 Fairway Dr,Galt,CA,95632,38.248506,-121.29147
Long Brothers Building Supply,195 Birds Eye Ave,Woodburn,OR,97071,45.1356467,-122.843891
LongHorn Lumber,3698 SW Reif Rd,Powell Butte,OR,97753,44.267753,-121.025256
Longs Building Supply Inc,3960 Old Hwy 99 S,Roseburg,OR,97470,43.157988,-123.368918
Lumber Yard Supply - Great Falls,1300 River Dr N,Great Falls,MT,59404,47.518349,-111.2856058
Lumber Yard Supply - Billings,1324 Lockwood Rd,Billings,MT,59101,45.8006245,-108.4515262
Lumber Yard Supply - Spokane,17524 E Euclid Ave,Spokane Valley,WA,99216,47.684614,-117.17007
Clearwater Builders Supply,102 Trenary Rd,Kamiah,ID,83536,46.2271182,-116.0293071
Conrad Building Center,107 S Main St,Conrad,MT,59425,48.172303,-111.944355
Edgewood Building Supplies,80277 US HWY 87,LEWISTOWN,MT,59457,47.056577,-109.461309
Greybull Building Center,617 1st Ave S,Greybull,WY,82426,44.4874987,-108.0560069
J & M Lumber,8426 E Hwy 12,Baker,MT,59313,46.366174,-104.251508
Kenyon Noble Lumber & Hardware,1243 W Oak St,Bozeman,MT,59715,45.6938389,-111.0535153
Big Sky Lumber Supply,1203 Minnesota Ave,Libby,MT,59923,48.3846764,-115.5483101
Orofino Builders Supply Inc,165 Riverside Ave,Orofino,ID,83544,46.480247,-116.2575209
Power Townsend Company,1387 E Custer Ave,Helena,MT,59602,46.6164894,-112.0209078
Superior Color & Lumber,109 Mullan Rd W,Superior,MT,59872,47.19779,-114.892788
Tenth Street Lumber,1000 Railroad Ave,Saint Maries,ID,83861,47.3194298,-116.5699559
Ullman Lumber Company,301 E 1st Ave,Big Timber,MT,59011,45.836022,-109.952446
Westmart Building Center,100 S Faithful St,West Yellowstone,MT,59758,44.657551,-111.107378
Farmers Union Lumber,320 26th St E,Williston,ND,58801,48.1687039,-103.618464
"JJ Building Supplies, Inc.",2750 U.S. 95,Moscow,ID,83843,46.7025767,-117.006491
Knudson Lumber,1791 Vantage Hwy,Ellensburg,WA,98926,47.000508,-120.519039
Bloedorn Lumber - Billings,233 Howard Ave,Billings,MT,59101,45.7735679,-108.5221676
Johnson Hardware Inc.,802 Noxon Ave ,Noxon,MT,59853,47.992751,-115.770965
Valley Lumber,101 Amory Ave,OKANOGAN,WA,98840,47.4079335,-120.3139165
Convoy Supply Ltd. - Spokane,3919 N Sullivan Rd,Spokane Valley,WA,99216,47.690957,-117.199658
Savemore Building Supply,16215 E Sprague Ave,Spokane Valley,WA,99037,47.657938,-117.186706
Perimeter Security Group,7551 Aqua Cir,Dalton Gardens,ID,83815,47.740642,-116.7850297
Lumberland Builders Supply,2590 Oakdale Ave,San Francisco,CA,94124,37.7417019,-122.4025728
Lumberman Construction Supply Inc,1960 Folsom St,San Francisco,CA,94103,37.7658879,-122.415931
Lutak Lumber,15 Beach Rd,Haines,AK,99827,59.2282821,-135.4395269
LWO Corporation,3841 N Columbia Blvd #1,Portland,OR,97217,45.5922201,-122.7049646
M&S Building Supply & Home Center,2456 Del Monte Ave,Monterey,CA,93940,36.605393,-121.859037
M & T Lumber Inc,1014 N Mt Shasta Blvd,Mount Shasta,CA,96067,41.3246781,-122.3222415
M & W Building Supply,22175 Pacific Hwy E,Canby,OR,97013,45.2849821,-122.6600809
Mac Co Metal Buildings,6183 Meister Way,Anderson,CA,96007,40.4670335,-122.3176989
Main Building Supply,100 Broadway St,Rogue River,OR,97537,42.433847,-123.167202
Marine Lumber Company,11800 SW Myslony St,Tualatin,OR,97062,45.375826,-122.799505
Mariotti Building Products,1 Louis Industrial Dr,Old Forge,PA,18518,41.3600144,-75.7289916
Marley Brown Lumber Service,4000 SE Powell Blvd,Portland,OR,97201,45.49709,-122.620315
Master Halco - Hillsboro,6095 NW Century Blvd,Hillsboro,OR,97124,45.5630575,-122.9126669
Master Halco - Kent,19240 E Valley Hwy,Kent,WA,98032,47.4338941,-122.2273995
Master Halco - Ankeny,1553 NE 69th Pl,Ankeny,IA,50021,41.684918,-93.596829
Master Halco - Denver,1725 E 66th Ave,Denver,CO,80229,39.8169792,-104.9671848
Master Halco - San Diego,485 Raleigh Ave,El Cajon,CA,92020,32.799005,-116.972662
Matheus Lumber,4510 NE 68th Dr Suite 110,Vancouver,WA,98661,45.670557,-122.6233967
Matheus Lumber,8692 N Hauser Lake Rd,Post Falls,ID,83854,47.751353,-117.007005
Matheus Lumber,1433 West University Way,Ellensburg,WA,98926,47.0071506,-120.5693933
Matheus Lumber,15800 Woodinville-Redmond Rd NE,Woodinville,WA,98072,47.7424034,-122.1589455
Matson Building Materials,22601 N Highway 1,Fort Bragg,CA,95437,39.470236,-123.798344
Tum-A-Lum Lumber - The Dalles,240 Terminal Ave,The Dalles,OR,97058,45.608845,-121.1973294
Mawson Lumber & Hardware,350 Linden St,Fort Collins,CO,80524,40.589319,-105.073039
Mayan Hardwood Inc,2501 Oakwood Dr,Paso Robles,CA,93446,35.646263,-120.655559
McKenny's Do It Best Building Centers - Arcata,1296 11th St,Arcata,CA,95521,40.87204,-124.09077
McKenny's Do It Best Building Centers - Eureka,2800 Hubbard Ln,Eureka,CA,95501,40.7820411,-124.1308122
McKinleyville Ace Hardware,2197 Central Ave,McKinleyville,CA,95519,40.9451117,-124.1000511
McKinnon Lumber,217 7th St,Hollister,CA,95023,36.8488309,-121.401383
Mead Clark Lumber,2667 Dowd Dr,Santa Rosa,CA,95407,38.4129866,-122.7202501
Mead Lumber - Sterling,265 E Chestnut St,Sterling,CO,80751,40.6238595,-103.1991838
Mead Lumber - Cheyenne,2222 Bent Ave,Cheyenne,WY,82001,41.136386,-104.825332
Meeker General Mercantile,990 Market St,Meeker,CO,81641,40.035333,-107.9187008
Meek's Lumber & Hardware - Meyers,2970 Hwy 50,Meyers,CA,96150,38.8562895,-120.0142505
Meek's Lumber & Hardware - Martell,10422 N Hwy 49,Martell,CA,95654,38.3660815,-120.794993
Meek's Lumber & Hardware - South Lake Tahoe,2763 South Lake Tahoe Blvd,South Lake Tahoe,CA,96150,38.93067,-119.980257
Meek's Lumber & Hardware - Carson City,2869 N Carson St,Carson City,NV,89706,39.185296,-119.767854
Meek's Lumber & Hardware - Rocklin,4243 Dominguez Rd,Rocklin,CA,95677,38.804271,-121.217376
Meek's Lumber & Hardware - Gardnerville,1405 Industrial Way,Gardnerville,NV,89410,38.9297487,-119.7308601
Meek's Lumber & Hardware - Vacaville,1000 Hume Way,Vacaville,CA,95687,38.3503047,-121.9826074
Meek's Lumber & Hardware - Redding,1045 Twin View Blvd,Redding,CA,96003,40.622244,-122.368123
Meek's Lumber & Hardware - Chico,1100 E 20th St,Chico,CA,95928,39.7258416,-121.8114222
Meek's Lumber & Hardware - Yuba City,1414 Colusa Hwy,Yuba City,CA,95991,39.1413726,-121.6375206
Meek's Lumber & Hardware - Yreka,513 N Foothill Dr,Yreka,CA,96097,41.7386617,-122.6153862
Meek's Lumber & Hardware - Anderson,6781 Eastside Rd,Anderson,CA,96007,40.4838899,-122.3480768
Mendo Mill & Lumber - Fort Bragg,125 S Main St,Fort Bragg,CA,95437,39.4410833,-123.8064228
Mendo Mill & Lumber - Ukiah,1870 N State St,Ukiah,CA,95482,39.1745687,-123.2118073
Mendo Mill & Lumber - Lakeport,2465 S Main St,Lakeport,CA,95453,39.02168,-122.9148809
Mendo Mill & Lumber - Willits,305 E Commercial St,Willits,CA,95490,39.4119173,-123.349945
Mendo Mill & Lumber - Clearlake,5255 Old Highway 53,Clearlake,CA,95422,38.9451122,-122.6320234
Metro Concrete Accessories Inc,13624 SW Vandermost Rd,Beaverton,OR,97005,45.4206254,-122.8674411
Metro Landscape Supplies,39 C St,Washougal,WA,98671,45.582183,-122.38161
Meza's Fence,2655-B Pacer Lane,San Jose,CA,95111,37.2998362,-121.8470638
Mike's Bargain Center - Eugene,2454 Pacific Hwy W,Eugene,OR,97402,44.0947196,-123.1651237
Mike's Bargain Center - Albany,33993 Texas St SW,Albany,OR,97321,44.5678287,-123.1687645
Mike's Fence Center,59 SW Hayes Ave,Bend,OR,97702,44.036399,-121.308091
Mill Outlet,4811 S Tyler St,Tacoma,WA,98409,47.2136278,-122.4938057
Millers Home Center & Lumber - La Grande,307 Greenwood St,La Grande,OR,97850,45.327021,-118.088208
Millers Home Center & Lumber - Baker City,3815 Pocahontas Rd,Baker City,OR,97814,44.7961381,-117.855235
Mills Ace Hardware,2047 NE 22nd Street,Lincoln City,OR,97367,44.9816573,-124.0061357
Milwaukie Lumber - Milwaukie,10998 SE 21St Ave,Milwaukie,OR,97222,45.4432007,-122.6395912
Milwaukie Lumber - Vancouver,13113 NE 4th Plain Rd,Vancouver,WA,98682,45.669967,-122.537272
Milwaukie Lumber - Portland,8048 SE Stark St,Portland,OR,97215,45.518922,-122.58049
MJK Sales & Feed,2315 W 1st St,Craig,CO,81625,40.5070317,-107.5744228
Monaco Lumber,5980 Monaco St,Commerce City,CO,80022,39.805033,-104.912442
Monje Forest Products,10101 SW Barbur Blvd,Portland,OR,97219,45.4529512,-122.7246123
Monument Lumber,2111 Freedom Blvd,Freedom,CA,95019,36.9384451,-121.7801915
Moore Lumber & Hardware - Bailey,5195 County Rd 64,Bailey,CO,80421,39.4060996,-105.4790316
Moore Lumber & Hardware - Pine,186 Mount Evans Blvd,Pine,CO,80470,39.4674625,-105.3986676
Morrill Hardware,106 Center Ave,Morrill,NE,69358,41.9625,-103.927
Moscow Building Supply,760 N Main St,Moscow,ID,83843,46.7423617,-117.0002502
Pullman Building Supply,305 N Grand Ave,Pullman,WA,99163,46.7315496,-117.1801717
Mossyrock Hardware,249 E State St,Mossyrock,WA,98564,46.528841,-122.4817503
Mountain Building Supply,1947 Lee Rd,Quincy,CA,95971,39.9364711,-120.9036794
Mr. T's Hardware & Building Supply,6300 County Rd 335,New Castle,CO,81647,39.56766,-107.5257137
Mount Vernon Building Center,815 Roosevelt Ave,Mount Vernon,WA,98273,48.4342296,-122.3300082
Muller Lumber,1580 Independence Hwy,Independence,OR,97351,44.8655566,-123.1852665
Nantucket Post Cap,44 Hull St,Randolph,VT,05060,43.918262,-72.655243
Nason Ridge Wine Cellars & Saunas,12259 6th Ave NW,Seattle,WA,98177,47.719488,-122.364048
New Generation Supply,18 Jersey Lane,Colorado Springs,CO,80911,38.726919,-104.72018
Nichols Lumber & Hardware Co,13470 Dalewood St,Baldwin Park,CA,91706,34.0658016,-117.9805504
Nielsons Building Center,391 Tyee Dr,Point Roberts,WA,98281,48.9885755,-123.0679418
Nielson Building Materials,1230 Mission Dr,Solvang,CA,93463,34.5938915,-120.1533262
Nilsen Co. - Ferndale,1593 Market St,Ferndale,CA,95536,40.5911434,-124.2552033
Nilsen Co. - Eureka,502 Broadway St,Eureka,CA,95501,40.800611,-124.175477
Nooksack Valley Building Center,106 E Lincoln St,Everson,WA,98247,48.918627,-122.34179
NorCal Fence & Deck Supply Inc,855 San Leandro Blvd,San Leandro,CA,94577,37.726604,-122.163777
North City Lumber and Hardware,1221 NE 175th St,Shoreline,WA,98155,47.7551248,-122.3150954
North County Hardware,40600 NE 221st Ave,Amboy,WA,98601,45.915434,-122.447354
North Santiam Fencing,27800 N Santiam Hwy SE,Mill City,OR,97360,44.756623,-122.502065
Northland Wood Products,4000 S Cushman St,Fairbanks,AK,99701,64.8076201,-147.7109353
Northridge Lumber Co Inc,18537 Parthenia St,Northridge,CA,91324,34.2285716,-118.5372994
Northwest Fence,4214 Pacific Hwy,Bellingham,WA,98226,48.793909,-122.523148
"Northwest Pine Sales, Inc.",9414 SW Barbur Blvd Ste 200,Portland,OR,97219,45.4516496,-122.7263177
Northwest Pole Buildings,21116 NW Roth Rd,Ridgefield,WA,98642,45.773719,-122.744108
Northwest Ranch Supply,100 Central Ave,Kremmling,CO,80459,40.059724,-106.394111
Norton Lumber,515 W 5th St,Phoenix,OR,97535,42.2739237,-122.8231485
Novato Builders Supply,800 Sweetser Ave,Novato,CA,94945,38.1081527,-122.5664835
Nu Forest Products Inc.,164 Healdsburg Ave,Healdsburg,CA,95448,38.6072021,-122.8694582
Northwest Home Center,680 Airport Rd,Morton,WA,98356,46.5524099,-122.2740821
NW Sustainable Building Products,6906 SE Johnson Creek Blvd,Portland,OR,97206,45.4556219,-122.5915035
Oak Country Lumber & Ranch Supply,22909 El Camino Real,Santa Margarita,CA,93453,35.387144,-120.615389
Oasis Equipment Rentals,540 Atascadero Rd,Morro Bay,CA,93442,35.3819666,-120.8510627
Oceanic Arts,12414 Whittier Blvd,Whittier,CA,90602,33.9726576,-118.0457474
Olaf M. Oja Lumber Co.,37201 Mt Hood Hwy,Sandy,OR,97055,45.4011565,-122.2804066
Olsen Lumber & True Value Hardware,102 Washington St E,Vale,OR,97918,43.98289,-117.239861
Onsite Roll Forming,30515 NW Paradise Park Rd,Ridgefield,WA,98642,45.844794,-122.696348
Ontario Building Center,407 E Idaho Ave,Ontario,OR,97914,44.025888,-116.955709
Orange Coast Hardware & Lumber,2727 S Main St,Santa Ana,CA,92707,33.7091552,-117.8674014
Orange County Lumber Co,436 W Rialto Ave,Rialto,CA,92376,34.100238,-117.377552
Ordway Building Supply,218 Main St,Ordway,CO,81063,38.2170441,-103.7565929
Oregon Cedar Company,2245 McGilchrist St SE,Salem,OR,97302,44.917034,-123.016665
Coos-Curry Supply Inc,1009 Oregon St,Port Orford,OR,97465,42.7468482,-124.4977203
Sunrise Lumber,263 E 1st St,Ault,CO,80610,40.5825095,-104.7282061
Skyberg's Hardware Supply,121 NE Main St,Willamina,OR,97396,45.0786469,-123.485132
Ottesens True Value,6700 W MARGINAL WAY,SEATTLE,WA,98106,47.5435924,-122.3403021
Outdoor Wood Stuff,4321 W Ave K8,Lancaster,CA,93536,34.667999,-118.208752
Outpost Farm & Garden,181 Upper Applegate Rd,Jacksonville,OR,97530,42.234277,-123.042291
Outwest Drywall Supply,"161 Marand Rd, Unit A",Glenwood Springs,CO,81601
Outwest Drywall Supply,1645 N Townsend Ave,Montrose,CO,81401,38.493142,-107.894932
Outwest Drywall Supply,2148 Hwy 6 & 50,Grand Junction,CO,81505,32.16903,-98.607185
Overholt Truss,1796 Hwy 50,Delta,CO,81416,38.6947,-108.025
"Pac-Rim Building Supply, Inc.",3901 Raymond Ave SW,Renton,WA,98057,47.4452935,-122.2287834
Pacific Building Center & True Value Hardware,2677 Bell Rd,Blaine,WA,98230,48.974003,-122.729789
Pacific Clears,1017 Samoa Blvd,Arcata,CA,95521,40.8655519,-124.0905954
Diamond Pacific - Templeton,626 N Main St,Templeton,CA,93465,35.5479264,-120.706609
Diamond Pacific - Auburn,11770 Atwood Rd,Auburn,CA,95603,38.9344133,-121.0960373
Pacific Fir Lumber,4952 Portland Rd NE,Salem,OR,97305,44.9965334,-122.9803027
Pacific Lumber & Truss Co. - Lake Oswego,5930 SW Jean Rd,Lake Oswego,OR,97035,45.3970777,-122.7372533
Pacific Lumber & Truss Co. - Bend,1006 SE 9th St,Bend,OR,97702,44.0400698,-121.2896303
City Wide Fence Company,16923 48th Ave W,Lynnwood,WA,98037,47.8450378,-122.2974717
Pacific Lumber Resources Inc,1159 McVey Ave,Lake Oswego,OR,97034,45.406547,-122.6764046
Pacific Western Lumber (PacWest Lumber),6120 Main St SW #G,Lakewood,WA,98499,34.075522,-86.7809381
Pajono Woodworks,15925 Piuma Ave Unit C,Cerritos,CA,90703,33.886977,-118.10641
Palmer Lumber,370 NW State Ave,Chehalis,WA,98532,46.664377,-122.972434
Panhandle Coop Association - Scottsbluff,401 S Beltline Hwy W,Scottsbluff,NE,69361,41.8549668,-103.6684159
Panhandle Coop Association - Torrington,740 W Valley Rd,Torrington,WY,82240,42.0670851,-104.1935936
"Paragon Retaining Wall Systems, LLC",2337 Westout Ave,Parker,CO,80138,39.5413187,-104.6205819
Parker Feed,11703 N State Hwy 83,Parker,CO,80134,39.4738675,-104.7584738
Parkrose Hardware - Vancouver,16509 SE 1st St,Vancouver,WA,98684,45.6208819,-122.5027224
Parkrose Hardware - Portland,10625 NE Sandy Blvd,Portland,OR,97220,45.559424,-122.553452
Parr Lumber Window & Door Showroom,755 NW 185TH AVE,ALOHA,OR,97006,45.5246667,-122.8686031
Parr Lumber Company - Klamath Falls,111 S Spring St,Klamath Falls,OR,97601,42.2274975,-121.7733945
Parr Lumber Company - Ridgefield,1111 S TIMM RD,RIDGEFIELD,WA,98642,45.8071787,-122.6834539
Parr Lumber Company - Medford,1231 Disk Dr,Medford,OR,97501,42.3389311,-122.8953502
Parr Lumber Company - Bend,1311 SE Wilson Ave,Bend,OR,97702,44.043368,-121.2879114
Parr Lumber Company - Portland,1320 NW 19th Ave,PORTLAND,OR,97209,45.5323879,-122.6901676
Parr Lumber Company - Newberg,200 N Elliott Rd,Newberg,OR,97132,45.301687,-122.9530118
Parr Lumber Company - Hillsboro,21700 NW Wagon Way,Hillsboro,OR,97124,45.5581884,-122.9013433
Parr Lumber Company - West Linn,2351 SW Borland Road,West Linn,OR,97068,45.373986,-122.700163
Parr Lumber Company - Eugene,4170 W 1st Ave,Eugene,OR,97402,44.059936,-123.167148
Parr Lumber Company - Vancouver,6400 E 18th St,Vancouver,WA,98661,45.6369184,-122.6053351
Parr Lumber Company - Marysville,7610 47th  Ave NE,Marysville,WA,98270,48.0653855,-122.1682674
Parr Lumber Company - Tacoma,5301 184th St E,TACOMA,WA,98446,47.089147,-122.3592757
Pasadena Lumber & Supplies,1464 N Lincoln Ave,Pasadena,CA,91103,34.1715482,-118.1589966
Surplus Lumber Co,532 E Lockeford St,Lodi,CA,95240,38.138106,-121.261619
Peachtree True Value Hardware,2963 North Ave,Grand Junction,CO,81504,39.0767669,-108.503094
Peetz Farmers Coop,529 Main St,Peetz,CO,80747,40.9621275,-103.1145048
Pelican Bay Forest Products,1223 NE 1st St,Bend,OR,97701,44.0625397,-121.3060786
Penn Valley True Value Hardware,17387 Penn Valley Dr,Penn Valley,CA,95946,39.1974313,-121.1758436
Performance Modular Inc,9090 Union Park Way,Elk Grove,CA,95624,38.3862668,-121.362661
Permapost Products Co,4066 Tualitin Valley Hwy,Hillsboro,OR,97123,45.5005825,-122.9410385
Peterman Lumber Inc,10330 Elm Ave,Fontana,CA,92337,34.0652134,-117.4661098
Pierson Building Center,4100 Broadway St,Eureka,CA,95503,40.7692359,-124.1927334
Pine Cone Lumber,895 E Evelyn Ave,Sunnyvale,CA,94086,37.3710338,-122.0118712
Pine Tree Lumber,707 N Andreasen Dr,Escondido,CA,92029,33.123162,-117.10822
Pioneer Fence,11318 NE Hwy 99,Vancouver,WA,98686,45.7039456,-122.6514349
Plumas Ace Hardware,184 W Sierra Ave,Portola,CA,96122,39.810139,-120.471717
Plywood Solutions Inc,6523 NE Old Salem Rd,Albany,OR,97321,44.695758,-123.055546
Plywood Supply,7036 NE 175th St,Kenmore,WA,98028,47.757249,-122.245787
Pole Building Supply,601 NE Antler Ave,Redmond,OR,97756,44.2765359,-121.1743036
Pollock Pines True Value Hardware,6416 Pony Express Trail,Pollock Pines,CA,95726,38.7624698,-120.5803947
Poncha Lumber,10021 W Hwy 50,Poncha Springs,CO,81201,38.5157821,-106.0684657
Portal Way Farm & Garden,6100 Portal Way,Ferndale,WA,98248,48.862407,-122.583415
Post Commissary Hardware Store,29377 Hwy 159 S,Fort Garland,CO,81133,37.4240254,-105.432219
Poudre Valley Coop Association,225 NW Frontage Rd,Fort Collins,CO,80524,40.5868162,-105.0018009
Poulsen Ace Hardware,151 Oak Ave,Eaton,CO,80615,40.5267265,-104.7111877
Power Right Industries,1481 E Ninth St,Pomona,CA,91766,34.052821,-117.726526
Precision Truss & Lumber Inc.,11550 SE Jennifer St,Clackamas,OR,97015,45.40273,-122.544492
Premier Fence & Deck,18488 Prospect Rd #8,Saratoga,CA,95070,41.2843828,-81.8580658
Price & Visser Millwork Inc,2536 Valencia St,Bellingham,WA,98226,48.764144,-122.446309
Prime Forest Products Inc,19875 SW Military Lane,Beaverton,OR,97007,45.423518,-122.881884
Pro Lumber,310 Hwy 101,Florence,OR,97439,43.9690916,-124.1071648
ProBuild -  Newport,615 N Coast Hwy,Newport,OR,97365,44.6405301,-124.0536538
ProBuild - Steamboat Springs,1500 13th St,Steamboat Springs,CO,80487,40.4912599,-106.849279
ProBuild - Arlington,20815 67th Ave NE,Arlington,WA,98223,48.1841408,-122.1372107
ProBuild - Aspen,38005 Hwy 82,Aspen,CO,81611,39.1792109,-106.8007247
ProBuild - Bend,63153 Nels Anderson Rd,Bend,OR,97701,44.0937794,-121.3017044
ProBuild - Clackamas,15877 SE 98th Ave,Clackamas,OR,97015,45.4082918,-122.5631219
ProBuild - Colorado Springs,2810 Capital Dr,Colorado Springs,CO,80939,38.8730239,-104.676712
ProBuild - Coos Bay,1221 N Bayshore Dr,Coos Bay,OR,97420,43.3763286,-124.2153744
ProBuild - Cortez,12028 Hwy 145,Cortez,CO,81321,37.386426,-108.552822
ProBuild - Denver,7595 Technology Way,DENVER,CO,80237,39.6305695,-104.9027379
ProBuild - Durango,600 Sawmill Rd,Durango,CO,81302,37.247075,-107.869549
ProBuild - Farmington,1411 San Juan Blvd,Farmington,NM,87401,36.731926,-108.190001
ProBuild - Ferndale,5880 Portal Way,Ferndale,WA,98248,48.855165,-122.587171
ProBuild - Garden City,1514-18 E Fulton St,Garden City,KS,67846,37.9639788,-100.8560266
ProBuild - Glenwood Springs,7150 Hwy 82,Glenwood Springs,CO,81601,39.4634113,-107.2634554
ProBuild - Grand Junction,2773 Riverside Pkwy,Grand Junction,CO,81501,39.0617718,-108.5385792
ProBuild - Lakeview,1303 N 4th St,Lakeview,OR,97630,42.1932471,-120.353091
ProBuild - Lincoln City,6305 SW Hwy 101,Lincoln City,OR,97367,44.915336,-124.0057886
ProBuild - Littleton,8347 Blakeland Dr,Littleton,CO,80125,39.558562,-105.044528
ProBuild - Longmont,4058 Camelot Circle,Longmont,CO,80504,40.2123759,-104.9744348
ProBuild - Loveland,6775 Sherman St,Loveland,CO,80538,40.432103,-104.975873
ProBuild - McMinnville,545 N 99 W,McMinnville,OR,97128,45.2051417,-123.1979969
ProBuild - Montrose,16 W Main St,Montrose,CO,81402,38.4765959,-107.880372
ProBuild - Oklahoma City,12500 N Sante Fe,Oklahoma City,OK,73114,35.5980977,-97.5123899
ProBuild - Olympia,1830 Black Lake Blvd SW,Olympia,WA,98512,47.031003,-122.94039
ProBuild - Post Falls,N 2000 Hwy 41,Post Falls,ID,83877,47.7268675,-116.894347
ProBuild - Riverside,12212 Holly St,Riverside,CA,92509,34.0307305,-117.3732973
ProBuild - Salinas,1250 Abbott St,Salinas,CA,93901,36.6534182,-121.6284509
ProBuild - Shelton,114 E Cedar St,Shelton,WA,98584,47.214835,-123.0990334
ProBuild - Spanaway,1331 208th St E,Spanaway,WA,98387,47.0690927,-122.4113664
ProBuild - Spokane,10310 E Montgomery Ave,Spokane,WA,99206,47.6787924,-117.2680581
ProBuild - Tacoma,5519 20th St E,TACOMA,WA,98424,47.239451,-122.354852
ProBuild - Tangent,33535 Hwy 99 E,Tangent,OR,97389,44.5560528,-123.1100485
ProBuild - Vancouver,2820 NE 78th St,Vancouver,WA,98665,45.6790962,-122.6417801
ProBuild - Walla Walla,115 N 11th Ave,Walla Walla,WA,99362,46.063282,-118.352407
ProBuild - Yakima,1301 E Mead Ave,Yakima,WA,98909,46.5784387,-120.4832214
ProBuild - Soquel,2435 41st Ave,Soquel,CA,95073,36.9833768,-121.9654718
Probyn Export,350-601 Sixth st,New Westminster,BC,V3L3C1,49.2134723,-122.9205095
Producers CO OP,38 W Main St,Montrose,CO,81401,38.476612,-107.879888
Prong Horn Country Ace Hardware,287 US 40,Limon,CO,80828,39.262933,-103.6798226
Pyramid Fence Company,760 W 16th St #D,Costa Mesa,CA,92627,32.6985341,-114.6286524
Quality Farm & Ranch Center - Wray,333 Dexter St,Wray,CO,80758,40.078644,-102.2275453
Quality Farm & Ranch Center - Yuma,700 E 8th Ave,Yuma,CO,80759,40.1193951,-102.7141815
Quality Fence,114 W Pine St,Central Point,OR,97502,42.373514,-122.919293
Quality Sheds & Metal Buildings,6570 Hwy 273,Anderson,CA,96007,40.476225,-122.340872
R & S Supply,4768 Crater Lake Ave,Medford,OR,97504,42.385886,-122.854777
R Gray's Bargain Yard,5044 S Coast Hwy,South Beach,OR,97366,44.602221,-124.0579012
Rabitoy Fence & Supply,5450 North River Rd,Gold Hill,OR,97525,42.4293059,-123.161156
Rams Wood Products,835 E Main St #B,Medford,OR,97504,39.9553366,-82.9030745
Randall Lumber & Hardware,315 Paseo Del Pueblo Sur,Taos,NM,87571,36.4022946,-105.5749986
Ransom Brothers Lumber,532 B St,Ramona,CA,92065,33.046432,-116.862295
RBS True Value,445 N 1st St,Raton,NM,87740,36.9056684,-104.4383299
Redwood Northwest,4977 W 11th Ave,Eugene,OR,97402,44.0491062,-123.1877429
Reedley Lumber & Building Center,1547 G St,Reedley,CA,93654,36.591553,-119.446281
Reel Lumber Service,275 E Santa Ana St,Anaheim,CA,92801,33.8318955,-117.910501
Reliable Truss,1851 Oak St,Wheatland,WY,82201,42.0598891,-104.9716403
Reliable Wholesale Lumber Inc,7600 Redondo Cir,Huntington Beach,CA,92648,33.6988718,-117.9962539
Renewable Fiber Inc - Broomfield,11605 Wadworth Blvd,Broomfield,CO,80020,39.907563,-105.0816834
Renewable Fiber Inc - Englewood,2600 W Oxford Ave,Englewood,CO,80110,39.642256,-105.0187525
Renewable Fiber Inc - Greeley,2824 1st Ave,Greeley,CO,80631,40.3900532,-104.6777956
Renewable Fiber Inc - Fort Lupton,8394 U.S. 85,Fort Lupton,CO,80621,40.1218235,-104.8106109
Reno Lumber,680 Spice Islands Dr,Sparks,NV,89431,39.5153086,-119.7340354
RFP Lumber Co Inc,4801 Feather River Blvd ,Oroville,CA,95965,39.4717441,-121.5723382
Richert Lumber Ace Hardware,5505 Sunol Blvd,Pleasanton,CA,94566,37.6490085,-121.8808067
Richland Feed & Seed,114 1st St,Richland,OR,97870,44.7690483,-117.1680121
Miller's Home Center Lumber & Truss,3815 Pocahontas Rd,Baker City,OR,97814,44.7961381,-117.855235
Rickreall Bargain Center,9855 Rickreall Rd,Rickreall,OR,97371,44.930318,-123.230877
"Building Materials Bargain Center, Inc.",775 Front St NE,Salem,OR,97301,44.9487041,-123.0386597
Rick's Custom Fencing & Decking - Hillsboro,4543 SE Tualatin Valley Hwy,Hillsboro,OR,97123,45.5014568,-122.9359339
Rick's Custom Fencing & Decking - Gresham,20132 SE Stark St,Portland,OR,97233,45.5188957,-122.455396
Rick's Custom Fencing & Decking - Salem,8755 Portland Rd NE,Salem,OR,97305,45.0446737,-122.9582104
Rick's Custom Fencing & Decking - Vancouver,11516 NE 66th St,Vancouver,WA,98662,45.670838,-122.5550976
Rick's Custom Fencing & Decking - Tri-Cities,9120 W Clearwater Ave,Kennewick,WA,99336,46.2070509,-119.2456858
D R Johnson Lumber Co,1991 Pruner Rd,Riddle,OR,97469,42.966779,-123.354771
Rim Forest Lumber Co Inc,26491 Pine Ave,Rim Forest,CA,92378,34.2292573,-117.2255458
Roadside Lumber & Hardware Inc,29112 Roadside Dr,Agoura Hills,CA,91301,34.1447685,-118.7590225
Roaring Fork Valley Co Op,760 Hwy 133,Carbondale,CO,81623,39.40487,-107.2211279
Robbins Lumber Sales Inc,15555 Valencia Ave,Fontana,CA,92335,34.096043,-117.465775
Rochester Lumber,19523 Sargent Rd SW,Rochester,WA,98579,46.8047267,-123.020975
Rocks & Pine Forest Products,4455 U.S. 287,Laporte,CO,80535,40.6553062,-105.1429946
Rocky Mountain Forest Products - Fountain,10605 Charter Oak Ranch Rd,Fountain,CO,80817,38.6779352,-104.7142679
Rocky Mountain Forest Products - Wheat Ridge,11722 W 44th Ave,Wheat Ridge,CO,80033,39.777639,-105.1302614
Rocky Mountain Materials & Asphalt,1910 Rand Ave,Colorado Springs,CO,80905,38.8022846,-104.8018173
Rocky Mountain Storage Barns Inc,3167 E Eisenhower Blvd,Loveland,CO,80537,40.4074165,-105.0203172
Rocky Ridge Nursery & Landscape,327 E County Rd 60,Fort Collins,CO,80524,40.681862,-105.07096
Rocky Top Resources,1755 E Las Vegas St,Colorado Springs,CO,80903,38.8068912,-104.7979077
Rogers Feed Store,585 S Main St,Canyonville,OR,97417,42.924638,-123.276415
Rogue Pacific Lumber,1187 W McAndrews Rd,Medford,OR,97501,42.3276868,-122.8963641
Roseburg Forest Products,451 S Cedar Point Road,Coquille,OR,97423,43.1785717,-124.2261329
Rosenberg Builders Supply,2 N Main Ave,Tillamook,OR,97141,45.4599348,-123.844392
Rush's Pueblo Lumber Co.,416 W 2nd St,Pueblo,CO,81003,38.268427,-104.612529
S & W Manufacturing,7414 NE 47th Ave,Vancouver,WA,98661,45.676196,-122.624345
S A Foster Lumber-Do It Express - Sidney,2467 Fort Sidney Rd,Sidney,NE,69162,41.133969,-102.9655317
S A Foster Lumber-Do It Express - Chappell,682 3rd St,Chappell,NE,69129,41.093642,-102.4725339
Sacramento Pacific Corp,3050 W Capital Ave,Sacramento,CA,95691,38.5791273,-121.5511507
Samuelson True Value - Meeker,43900 Hwy 13,Meeker,CO,81641,40.0585759,-107.8696665
Samuelson True Value - Craig,456 Breeze St,Craig,CO,81625,40.5134364,-107.5484866
The Decking Superstore,2050 S 10th St,San Jose,CA,95112,37.3106064,-121.8556649
San Mateo Lumber Co Inc,501 S Claremont St,San Mateo,CA,94402,37.564918,-122.318563
Sandpoint Bldg Supply Inc,477421 Hwy 95 N,Ponderay,ID,83852,48.3142102,-116.5461715
Santa Barbara Home Improvement Center,415 E Gutierrez St,Santa Barbara,CA,93101,34.420929,-119.689525
Scarborough Ace Hardware,9470 Hwy 9,Ben Lomond,CA,95005,37.0896288,-122.0891157
Sears Trostel Lumber Co,1500 Riverside Ave,Fort Collins,CO,80524,40.5733908,-105.0482294
Sears Trostel Lumber Co,125 Air Park Dr,Fort Collins,CO,80524,40.5863002,-105.0416599
SCOTTCO DISTRIBUTION,2970 W Hayden Ave,HAYDEN ,ID,83835,47.758753,-116.826311
Security Contractor Services,12520 NE Whitaker Way,Portland,OR,97220,45.5610582,-122.5328526
Sedgwick County Lumber,121 Walnut St,Julesburg,CO,80737,40.9856553,-102.2649238
Sell Lumber Corporation,7887 Eastside Rd,Redding,CA,96001,40.503067,-122.372621
Shamrock Building Materials,1026 SW Emkay Dr,Bend,OR,97720,44.0429422,-121.3299399
Shasta Ridge Enterprises,448 Redcliff Dr,Redding,CA,96002,40.5756195,-122.3634896
"Shelter Products, Inc.",1490 SE Gideon St #100,Portland,OR,97202,28.2561438,-82.2373842
Sheridan Building Materials,345 S Bridge St,Sheridan,OR,97378,45.096243,-123.394635
Shur-Cut Industries Inc,10110 N Portland Rd,Portland,OR,97203,45.600839,-122.7188912
"Shur-Way Building Centers, Inc. - Vancouver",7124 NE St Johns Rd,Vancouver,WA,98665,45.6559361,-122.6366661
"Shur-Way Building Centers, Inc. - Portland",10101 N Portland Rd,Portland,OR,97283,45.6006534,-122.7191578
Sierra Valley Home Center Inc,411 Main St,Loyalton,CA,96118,39.676233,-120.244445
Sierra Vista Lumber,1301 West Ave,Alamosa,CO,81101,37.4681776,-105.8742727
Silver Crown Landscape Materials,12185 N Dumont Way,Littleton,CO,80125,39.5387381,-105.0386987
Silver Star Cabinets,409 Evergreen Dr,North Bonneville,WA,98639,45.6424811,-121.9842389
SILVER STATE BUILDING MATERIALS,1434 Industrial Way,Gardnerville,NV,89410,38.92884,-119.7260892
Sito Building Components,409 E 1st St,Otis,CO,80743,39.6643344,-105.0708259
Skagit Farmers Supply,1833 Park Ln,Burlington,WA,98233,48.4903892,-122.3314566
Slavens True Value Hardware,237 W Main St,Cortez,CO,81321,37.3483539,-108.5886263
Slice Recovery Inc,96828 Oregon 42,Coquille,OR,97423,43.1759911,-124.1960458
Soares Lumber,6330 Monterey Rd,Gilroy,CA,95020,36.9987606,-121.564939
"Soares Lumber and Fence, Inc.",1218 D St,Los Banos,CA,93635
P.S.G. Fencing Corporation,1133 N 10th St,San Jose,CA,95112,37.362615,-121.898075
Solanos Inc. Do it Best - Weed,700 Shastina Dr,Weed,CA,96094,41.4124196,-122.3796167
Solanos Inc. Do it Best - Mount Shasta,128 Morgan Way,Mount Shasta,CA,96067,41.3094682,-122.3151433
Sound Cedar Lumber Co,2600 Cedardale Rd,Mount Vernon,WA,98274,48.401136,-122.328736
South City Lumber & Supply,499 Railroad Ave,San Francisco,CA,94080,37.6531079,-122.4168598
South Fork Trading,4309 Main St,Sweet Home,OR,97386,44.4044005,-122.6899045
South Park Lumber,375 Kokanee Rd,Fairplay,CO,80440,39.130514,-105.9875
West Plains Building Supply,10812 W Gieger Blvd,Spokane,WA,99224,47.5955613,-117.5650581
South Regal Lumber,5415 S Regal St,Spokane,WA,99223,47.604537,-117.367955
Spaeth Lumber,1585 NW 9th St,Corvalis,OR,97330,44.5824452,-123.2574787
Specialized Milling,10330 Elm Ave,Fontana,CA,92337,34.0652134,-117.4661098
Specialty Wood Products,18400 E 22nd Ave,Aurora,CO,80011,39.7487572,-104.7735017
Spenard Builders Supply - Anchorage,4412 Lois Dr,Anchorage,AK,99517,61.180362,-149.9143246
Spence Fence,1145 N Miller Park Ct,Visalia,CA,93291,36.339789,-119.410274
Spiegelberg Lumber,259 W Fremont St,Laramie,WY,82072,41.3142081,-105.5989432
Spitsen True Value Hardware Lumber,1054 Tahoe Blvd,Incline Village,NV,89451,39.2416853,-119.9306143
Square Deal Lumber,4992 Main St,Springfield,OR,97478,44.045943,-122.9450417
Squires Lumber Co Inc,370 N 9th St,Colton,CA,92324,34.068405,-117.322079
Star Nursery - St George,1335 S Dixie Dr,St George,UT,84770,37.0859458,-113.6075082
Star Nursery - Mesquite,549 Commerce Cir,Mesquite,NV,89027,36.791644,-114.127297
Statewide Fence,7634 Bates Rd S,Salem,OR,97306,44.8445414,-123.0753037
Stayton Builders Mart,1080 Wilco Rd,Stayton,OR,97383,44.800787,-122.814192
Steamboat Lumber Co.,1901 Shield Dr,Steamboat Springs,CO,80487,40.500601,-106.858541
Alamosa Lumber,531 Edison Ave,Alamosa,CO,81101,37.4672266,-105.8691255
Boulder Lumber,2990 Sterling Court,Boulder,CO,80306,40.0282824,-105.2398682
Estes Park Lumber,400 S St Vrain Ave,Estes Park,CO,80517,40.371546,-105.505442
Lafayette Lumber,1407 S 120th St,Lafayette,CO,80026,39.9849591,-105.0725679
Logan County Lumber,502 S 11th Ave,Sterling,CO,80751,40.619387,-103.229408
Ponderosa Lumber,2435 Eagle Dr,Pagosa Springs,CO,81147,37.2693767,-107.0505634
Rocky Mountain Lumber & Hardware,735 N Hwy 24,Buena Vista,CO,81211,38.849731,-106.136433
South Fork Lumber,29160 W Hwy 160,South Fork,CO,81154,37.672699,-106.6203244
Valley Lumber & Supply,981 N Hwy 285,Monte Vista,CO,81144,37.588268,-106.150431
Walsenburg Lumber,403 West 7th St,Walsenburg,CO,81089,37.6211186,-104.785193
Estacada True Value,310 S Main St,Estacada,OR,97023,45.2874524,-122.3331671
Stock Building Supply - Coeur D'Alene,505 W KATHLEEN ST,COEUR D' ALENE,ID,83815
Stock Building Supply - Hollywood,6641 Santa Monica Blvd,Los Angeles,CA,90038,34.091241,-118.3343398
Stock Building Supply - Mar Vista,3860 Grand View Blvd,Los Angeles,CA,90066,34.0035759,-118.4291587
Stock Building Supply - North Hollywood,7151 Lankershim Blvd,North Hollywod,CA,91605,34.2007985,-118.388126
Stock Building Supply - Santa Clarita,23126 Drayton St,Santa Clarita,CA,91350,34.4104352,-118.5395353
Stock Building Supply - Los Angeles,3250 N San Fernando Rd,Los Angeles,CA,90065,34.116658,-118.249639
Stock Building Supply - Camarillo,2800 Barry St,Camarillo,CA,93010,34.2190791,-119.0326555
Stock Building Supply - Northridge,18300 Parthenia St,Northridge,CA,91325,34.2283384,-118.5320885
Stock Building Supply - Simi Valley,2000 Tapo St,Simi Valley,CA,93063,34.2722031,-118.7085475
Stock Building Supply - Ventura,1160 E Thompson Blvd,Ventura,CA,93001,34.2763716,-119.2831186
Stock Building Supply - Burbank,640 N Victory Blvd,Burbank,CA,91502,34.1807683,-118.3186512
Stockyards Ranch Supply,6990 Vasquez Blvd,Commerce City,CO,80022,39.8232398,-104.9300411
Strait Lumber,11150 E Colfax Ave,Aurora,CO,80010,39.7399519,-104.8580435
Stump Fence Company,400 W Foothill Blvd,Glendora,CA,91741,34.1352654,-117.8703852
Sublimity Building Supply,114 N Center St,Sublimity,OR,97385,44.8307353,-122.7940972
Freres Building Supply,101 N 1st S,Stayton,OR,97383,44.7958056,-122.7943906
Sundance Lumber,3960 El Dorado Rd,Placerville,CA,95667,38.706067,-120.857575
Sunnyvale Lumber,870 W Evelyn Ave,Sunnyvale,CA,94086,37.3813844,-122.0403255
Superior Forest Products,37583 Row River Rd,Dorena,OR,97434,43.7164659,-122.860263
Superior Forest Products,850 Prefontaine Dr,Coos Bay,OR,97420,43.3808372,-124.2658069
Sutherlin True Value Hardware,215 W Central Ave,Sutherlin,OR,97479,43.38977,-123.3153777
Systems Plus Lumber Co.,1800 S Barney Rd,Anderson,CA,96007,40.434931,-122.284401
T & H Building Supply,350 Blomquist St,Redwood City,CA,94063,37.4927823,-122.2160004
Tahoe City Ace Lumber & Lumber,715 River Rd,Tahoe City,CA,96145,39.1632026,-120.1526796
Tanglewilde Lumber Inc,7127 Martin Way E,Olympia,WA,98516,47.0520347,-122.7857079
Techbuilt Inc.,164 N Oak St,Sutherlin,OR,97479,43.3897981,-123.3180985
The Deck Superstore,5961 E 64th Ave ,Commerce City,CO,80022,39.8141241,-104.9183372
The Farm Store,3956 Jacobs Ave,Eureka,CA,95501,40.8043406,-124.1218754
The Feed Store Inc,2262 Snowy Range Rd,Laramie,WY,82070,41.3084547,-105.6268036
The Fenceman Fence,2808 NE Burton Rd,Vancouver,WA,98662,45.6426742,-122.597182
The IPI Group,3337 N Cascade Ave,Colorado Springs,CO,80907,38.880213,-104.82208
The Lumber Baron,500 Cleveland Ave,Berkeley,CA,94710,37.8975123,-122.3101652
The Miller Lumber Company - Bend,110 NE Greenwood Ave,Bend,OR,97701,44.0603588,-121.3053771
The Miller Lumber Company - Redmond,2800 U.S. 97,Redmond,OR,97756,44.2499365,-121.1858081
The Miller Lumber Company - Madras,35 SE 6th St,Madras,OR,97741,44.6354916,-121.1285127
The Miller Lumber Company - Prineville,137 NE 2nd St,Prineville,OR,97754,44.302233,-120.846698
The Shed Guys,4880 Airway Dr,Central Point,OR,97502,42.388516,-122.871427
The SL Smith Lumber,910 Hemlock St,Leadville,CO,80461,39.2520889,-106.2890548
Tholl Fence,800 Glendale Ave,Sparks,NV,89431,39.5287382,-119.7531287
Thomas Building Center,301 W Washington St,Sequim,WA,98382,48.0793643,-123.1083356
Thomas Home Center,1685 Sutter Rd,McKinleyville,CA,95519,40.9364073,-124.0985635
Three Gs Hay & Grain,5307 Boyd Rd,Arcata,CA,95521,40.910841,-124.0652206
Tillamook Farmers' Co-Op,1920 Main Ave N,Tillamook,OR,97141,45.4678865,-123.8449178
Timberline Builders Supply,209 Main St,Walden,CO,80480,40.7348683,-106.2820316
Timberline Forest Products,16044 SW 2nd St,Sherwood,OR,97140,45.357123,-122.841847
Timberridge Trading Corp,3745 Wilshire Ln,Eugene,OR,97405,44.031892,-123.148146
Timbers Diversified Wood Products,2710 Robinson St,Colorado Springs,CO,80904,38.8457549,-104.870503
Tinkertoy Fence,91875 Greenhill Rd,Junction City,OR,97448,44.2192901,-123.2056484
T J Forest Inc.,104 3rd St S,Nampa,ID,83651,43.5851138,-116.5729592
TMA Construction Supply,5635 Franklin St ,Denver,CO,80216,39.7987846,-104.9694587
Tomkins Hardware & Lumber,127 N Main St,Creede,CO,81130,37.8538245,-106.927111
Topanga Lumber & Hardware Co,506 S Topanga Canyon Blvd,Topanga,CA,90290,34.0821138,-118.59808
Torgerson Forest Products,16055 SW Walker Rd,Beaverton,OR,97006,45.5184902,-122.8422884
Touchstone Products,261 W Imperial Hwy,La Habra,CA,90631,33.9173823,-117.9473708
Town & Country Hardware,1555 Monmouth St,Independence,OR,97351,44.8512088,-123.210817
Tri River Ace Hardware,720 Tyler Ave,Kremmling,CO,80459,40.0539843,-106.3877899
Tri Spar Lumber & Supply,2742 County Shop Rd,Laramie,WY,82070,41.2895839,-105.5952894
Trinity Lumber & Building Supply,230 Washington St,Weaverville,CA,96093,40.7282591,-122.935328
Triple O's Building Supply,633 10th Ave,Sidney,NE,69162,41.1474,-102.9767417
TRM Wood Products,26700 242nd Ave SE,Maple Valley,WA,98038,47.3653863,-122.0188095
B & I True Value,120 W 6TH AVE,JUNCTION CITY,OR,97448,44.219703,-123.201804
Trussway Ltd,10641 Charter Oak Ranch Rd,Fountain,CO,80817,38.6699808,-104.7149119
Tuff Shed Inc - Denver,1777 S Harrison St #600,Denver,CO,80210,38.8641856,-94.8160009
Tuff Shed Inc - Portland,6500 NE Halsey St,Portland,OR,97213,45.533184,-122.595666
Tuff Shed Inc - Tukwila,17500 W Valley Hwy,Tukwila,WA,98188,47.446128,-122.243465
Tum-A-Lum Lumber - Hood River,408 Hwy 35,Hood River,OR,97031,45.7072683,-121.5027166
Tum-A-Lum Lumber - Pendleton,432 SE Dorian ,Pendleton,OR,97801,45.6727984,-118.7823627
Tumbleweed Express,4700 Bluebird Ln,Laramie,WY,82070,41.2948511,-105.5348332
Turbo Spas LLC,17130 Muskrat Ave,Adelanto,CA,92301,34.5620634,-117.4500749
Tyee Cedar & Lumber,3737 A St SE,Auburn,WA,98002,47.2738447,-122.2291652
Umpqua Building & Hardware,350 Greenwood Ave,Reedsport,OR,97467,43.703113,-124.096324
Unalaska Building Supply,1253 E Broadway Ave,Unalaska,AK,99685,53.8624089,-166.5122855
Union Lumber,401 B St,Marysville,CA,95901,39.139744,-121.585511
Union Mills,14822 S Union Mills Rd,Mulino,OR,97042,45.2009837,-122.5623841
United Pacific Forest Products,7157 SW Beveland St,Tigard,OR,97223,45.4297908,-122.7507105
United States Building Supply,4391 York St,Denver,CO,80216,39.7768872,-104.9599062
United Wood Products,7860 Diagonal Hwy,Longmont,CO,80503,40.1179963,-105.1592803
Uresco Construction Materials,8246 S 194th St,Kent,WA,98032,47.428697,-122.229403
Ute Pass Concrete Sand & Gravel,20575 Hwy 24,Woodland Park,CO,80863,38.961213,-105.028439
Valencia Lumber,15809 Strathern St,Van Nuys,CA,91406,34.2163155,-118.4775001
Valley Ace Hardware,1 Enterprise Dr,Westcliffe,CO,81252,38.1347219,-105.4658353
Valley Distributors,1900 S Paulson Rd,Turlock,CA,95380,37.4764845,-120.8236564
Valley Lumber - Basalt,55 Sunset Dr,Basalt,CO,81621,39.3732802,-107.0807176
Valley Lumber - Rifle,2495 Railroad Ave,Rifle,CO,81650,39.552521,-107.780057
Valley Lumber & Millwork,657 Shaw Ave,Ferndale,CA,95536,40.5774177,-124.2616319
Valley Redwood Inc,4836 Auburn Blvd,Sacramento,CA,95841,38.656058,-121.351275
Value Lumber Yards LLC,2180 Cross St,Eugene,OR,97402,44.060953,-123.127013
Van Nuys Plywood & Lumber,9210 Topanga Canyon Blvd,Chatsworth,CA,91311,34.2376063,-118.6050006
Van Well Building Supply Co,1650 SE Uglow Ave,Dallas,OR,97338,44.9128048,-123.3083617
Vander Griend Lumber Co Inc,8461 Depot Rd,Lynden,WA,98264,48.9484086,-122.4528579
"Vandermeer Forest Products, Inc.",5110 196th St SW #200,Lynnwood,WA,98036
Village Hardware,54190 California Hwy 243,Idyllwild,CA,92549,33.7362656,-116.72318
Visalia Lumber,232 N Ben Maddox Way,Visalia,CA,93292,36.3314589,-119.2783701
Waterford Corporation,404 N Link Ln,Fort Collins,CO,80524,40.5904164,-105.0482574
Weatherly's Inc.,15 Wallis St,Eugene,OR,97402,44.060123,-123.154965
Weaver Forest Products Inc,7025 6th St,White City,OR,97503,42.431676,-122.871292
Weaver Lumber,5321 Eastside Rd,Redding,CA,96001,40.5385879,-122.3836075
Weber Plywood & Lumber Co Inc,15501 Mosher Ave,Tustin,CA,92780,33.7183009,-117.835336
Weiser Cedar Sales,600 Cedar Ave,Marysville,WA,98270,48.0536751,-122.1804503
Welches Mountain Bldg Supply,67250 U.S. 26,Welches,OR,97067,45.3509999,-121.972965
Wesco Cedar,85331 Oregon 99,Eugene,OR,97405,43.9837547,-123.0109673
West Coast Fencing,3425 Ocean Blvd,Coos Bay,OR,97420,43.3842848,-124.2523134
West Point Lumber,22471 Hwy 26,West Point,CA,95255,38.4019605,-120.5253609
Western Builders Supply Inc,92778 Knapp Rd,Port Orford,OR,97465,42.777713,-124.496305
Western Building Center,1150 9th St W,Columbia Falls,MT,59912,48.370649,-114.1968823
Western Forest Products Inc - Bellingham,2192 Division St,Bellingham,WA,98226,48.7815215,-122.4447941
Western Forest Products Inc - Mount Vernon,2414 Cedardale Rd,Mount Vernon,WA,98274,48.4026957,-122.3290851
Western Implement Co. - Grand Junction,2919 North Ave,Grand Junction,CO,81504,39.0762596,-108.5124006
Western Implement Co. - Montrose,2940 N Townsend Ave,Montrose,CO,81401,38.5093326,-107.9074095
Western Lumber Inc.,601 U.S. 50,Gunnison,CO,81230,38.5344676,-106.9478399
"Western Lumber Company, LLC",2240 Tower E #200,Medford,OR,97504
Western Materials - Yakima,1202 S 1st St,Yakima,WA,98901,46.5882432,-120.4991196
Western Materials - Pasco,317 S 5th Ave,Pasco,WA,99301,46.227548,-119.092011
Western Pacific Building Materials,2805 NW 31st Ave,Portland,OR,97210,45.542965,-122.7141523
"Western Timber Products, Inc.",2040 Airport Rd,Council,ID,83612,44.7381887,-116.4423304
"Western Woods, Inc.",275 Sikorsky Ave,Chico,CA,95973,39.7949849,-121.846267
Westside Building Supply,8353 Guide Meridian Rd,Lynden,WA,98264,48.9446269,-122.487551
Westside Farm & Feed Inc,817 Swift St,Santa Cruz,CA,95060,36.9595592,-122.0496213
Weyrick Pacific,626 N Main St,Templeton,CA,93465,35.5479264,-120.706609
Wheatland Co-op & Country Store,305 16th St,Wheatland,WY,82201,42.0507602,-104.9629606
Willamette Graystone,1559 Dowell Rd,Grants Pass,OR,97527,42.421507,-123.366469
Wilson Pro Pole,1790 Ave G,White City,OR,97503,42.4368969,-122.8590046
Withers Lumber - Brooks/Salem,9105 Portland Rd NE,Salem,OR,97305,45.0493456,-122.9537209
Withers Lumber - Silverton,1205 N 2nd St,Silverton,OR,97381,45.016509,-122.785512
Withers Lumber - Molalla,213 W Main St,Molalla,OR,97038,45.148064,-122.578523
Withers Lumber - Corporate Office,245 Young St,Woodburn,OR,97071,45.141608,-122.855008
Wood Ply Forest Products,3711 Morrow Ln,Chico,CA,95928,39.711096,-121.794803
Wood Source,8321 N Steele St,Thorton,CO,80229,39.8473168,-104.9510176
Wray Feed Co. Inc.,35017 County Rd FF,Wray,CO,80758,40.0758239,-102.2656479
Wray Lumber Co.,445 Main St,Wray,CO,80758,40.0774961,-102.2221035
Yelm Farm & Pet Supply,11242 Bald Hill Rd SE,Yelm,WA,98597,46.925167,-122.573155
Younger Brothers True Value Lumber & Home Center,6350 E 72nd Place,Commerce City,CO,80022,39.8280527,-104.9139829
ZE Supply Inc,740 Greene St,Silverton,CO,81433,37.8076683,-107.6680345
Ziggy's Building Materials - Hayden Lake,170 W Wyoming Ave,Hayden Lake,ID,83835,47.772867,-116.789429
Ziggy's Building Materials - Lewiston,1109 Warner Ave,Lewiston,ID,83501,46.3849169,-116.9736716
Ziggy's Building Materials - Moses Lake,1520 E Wheeler Rd,Moses Lake,WA,98837,47.1322707,-119.2504896
Ziggy's Building Materials - Post Falls,2121 N Hwy 41,Post Falls,ID,83854,47.7274718,-116.8969948
Ziggy's Building Materials - Spokane,17002 E Sprague Ave,Spokane Valley,WA,99037,47.6562112,-117.1766739
Truitt & White,642 Hearst Ave,Berkeley,CA,94710,37.867891,-122.301788
Stock Building Supply - West Jordan,1333 W 90000 South,West Jordan,UT,84088,40.5899242,-111.9352951
Stock Building Supply - Cedar City,646 N Aviation Way,Cedar City,UT,84720,37.6877577,-113.1055158
Stock Building Supply - Layton,1617 West Hillfield Rd,Layton,UT,84041,41.0602216,-111.9710529
Stock Building Supply - Kamas,1185 W Lori Ln,Kamas,UT,84036,40.643007,-111.2807384
Wheelwright Lumber,3127 Midland Dr,Ogden,UT,84401,41.2085913,-112.0211914
Sunroc Building Materials,35 E 400 South,Springville,UT,84663,40.1611222,-111.6100003
KT Custom Exteriors,657 W 7250 South,Midvale,UT,84047,40.6201389,-111.909219
Bison Lumber,1700 Martin Ln ,Jackson,WY  ,83002
Sutherlands Lumber,1780 W N Temple,Salt Lake City,UT,84116,40.7727904,-111.9424728
Star Valley Lumber,108577 Hwy 89 ,Etna,WY,83118,43.0433104,-111.0105844
Dixie Lumber,1158 W Sunset Blvd,St George,UT,84770,37.124581,-113.608753
Quality Truss & Lumber,21005 Hwy 30,Filer,ID,83328,42.563134,-114.615013
Capital Lumber,3105 W State,Boise ,ID,83703,43.6333011,-116.2260607
Ronco Building Supply,2580 Overland Ave,Burley,ID,83318,42.5201723,-113.7939628
Strinham Lumber,3182 S Main St,Salt Lake City,UT,84165,40.701303,-111.891812
Gold Beach Lumber Yard â€“ Port Orford,1935 Oregon St,Port Orford,OR,97465,42.7543653,-124.4973996
BERCO REDWOOD - SACRAMENTO,4560 AUBURN BLVD,SACRAMENTO,CA,95841,38.6504629,-121.3574383
BERCO REDWOOD - ROSEVILLE,860 RIVERSIDE AVE,ROSEVILLE,CA,95678,38.7313244,-121.2905107
GARRETT ACE HARDWARE,1340 HEALDSBURG AVE,HEALDSBURG,CA,95448,38.6267258,-122.8718863
LONG VALLEY LUMBER,44321 HWY 101,LAYTONVILLE,CA,95454,39.6813315,-123.4763945
