3V Feed & Garden Supply,28342 Hwy 145,Madera,CA,93638
84 Lumber Co - Bakersfield,101 Ming Ave,Bakersfield,CA,93307
84 Lumber Co - Beaumont,350 E 1st St,Beaumont,CA,92223
84 Lumber Co - Clovis,800 Gettysburg Ave,Clovis,CA,93612
84 Lumber Co - Grand Junction,779 22 Road,Grand Junction,CO,81505
A & J Fencing,2336 Bates Ave,Concord,CA,94520
A C Houston Indio,83490 Indio Blvd,Indio,CA,92201
A Square Lumber,1505 Industrial Ave,San Jose,CA,95112
Ace Hardware Anacortes,1720 Q Avenue,Anacortes,WA,98221
Ackley Building Center,1402 Mill St,Brush,CO,80723
Adams Lumber Colorado,6720 S Jordan Rd,Centennial,CO,80112
Adams Lumber Nebraska,540 Broadway,Imperial,NE,69033
Adobe Lumber,150 S Napa Junction Road,American Canyon,CA,94503
Guys Fencing,550 Caletti Avenue,Windsor,CA,95492
Trinity Fence,1175 Benicia Rd,Vallejo,CA,94591
Viking Fence,3015 STATE HWY 3,BREMERTON,WA,98312
TOWN AND COUNTRY FENCE,6410 212TH ST SW,LYNNWOOD,WA,98036
WESTERN PACIFIC FENCE,23210 SE 282ND PL,MAPLE VALLEY,WA,98038
AG West Supply - Hillsboro,185 W Main Extension,Hillsboro,OR,97123
AG West Supply - Madras,36 NW A St,Madras,OR,97741
AG West Supply - Rickreall,9055 Rickreall Rd,Rickreall,OR,97371
Aguilar Fence Construction,6326 Main Avenue,Orangevale,CA,95662
Agwood Mill & Lumber,650 Kunzler Ranch Rd,Ukiah,CA,95482
Aiken Ford Lumber,1040 Hayes St,Eugene,OR,97402
Alamo Hardware,3211 Danville Blvd,Alamo,CA,94507
Alamosa Building Supply,1403 Tremont Ave,Alamosa,CO,81101
Albeni Falls Building Supply,520 E Hwy 2,Oldtown,ID,83822
All American Fence Corp,P.O. Box 3057,Danville,CA,94526
All Bay Mill & Lumber Co,405 Green Island Rd,American Canyon,CA,94503
All Form Const Supply,14850 Davis Road,Peyton,CO,80831
Allied Building Products,20321 BROADWAY AVE,SNOHOMISH,WA,98296
Allied Building Products,11440 SW Tiedeman Rd,Tigard,OR,97223
Almquist Lumber,5301 Boyd Road,Arcata,CA,95521
Alpine Fencing & Supplies,1427 Hwy 50,Delta,CO,81416
Alpine Lumber -  Durango,63 Valle Escondido,Durango,CO,81301
Alpine Lumber - Angel Fire,27 Halo Pine Terrace,Angel Fire,NM,87710
Alpine Lumber - Buena Vista,212 N Colorado Ave,Buena Vista,CO,81211
Alpine Lumber - Crested Butte,402 Belleview Street,Crested Butte,CO,81224
Alpine Lumber - Eagle,111 E Chamber Road,Eagle,CO,81631
Alpine Lumber - Farmington,400 S Miller Ave,Farmington,NM,87401
Alpine Lumber - Frederick (Erie),3766 Puritan Way,Erie,CO,80516
Alpine Lumber - Granby,62500 Us Hwy 40,Granby,CO,80446
Alpine Lumber - Montrose,61408 Jay Jay Rd,Montrose,CO,81401
Alpine Lumber - Parker,18401 East Plaza Dr,Parker,CO,80134
Alpine Lumber - Steamboat Springs,1090 Pine Grove Rd #2,Steamboat Springs,CO,80487
Alpine Lumber - Telluride,140 Society Dr,Telluride,CO,81435
Alpine Lumber - Denver,5800 North Pecos St,Denver,CO,80221
American Dream Mercantile LLC,1912 NE 179th St,Ridgefield,WA,98642
American Lumber - White City,6800 Crater Lake Hwy,White City,OR,97503
American Lumber - Modesto,1231 Ninth St,Modesto,CA,95354
American Lumber - Uvalde,207 S Getty St,Uvalde,TX,78801
American Pallet Inc,1001 Knox Rd,Oakdale,CA,95361
Anawalt Lumber Montrose,3711 N Verdugo Rd,Montrose,CA,91020
Anawalt Lumber - Hollywood,1001 N Highland Ave,Hollywood,CA,90038
Anawalt Lumber - Los Angeles,11060 W Pico Blvd,Los Angeles,CA,90064
Anawalt Lumber - West Hollywood,641 N Robertson Blvd,West Hollywood,CA,90069
Anawalt Lumber & Materials Co.,11000 Burbank Blvd,North Hollywood,CA,91601
Hartnagel Building Supply,3111 E Highway 101,Port Angeles,WA,98362
Angeles Millwork & Lumber Company,1601 S C St,Port Angeles,WA,98363
Arcata Lumber,1296 11Th St,Arcata,CA,95521
Arkansas Valley Lumber,20363 E Hwy 50,Rocky Ford,CO,81067
Arlington Hardware & Lumber,215 N Olympic Ave,Arlington,WA,98223
Arrow Fence,10865 Sutter Ave,Pacoima,CA,91331
Ashby Lumber - Concord,2295 Arnold Industrial Way,Concord,CA,94520
Ashby Lumber - Berkeley,824 Ashby Ave,Berkeley,CA,94710
Ashland Lumber,384 Oak St,Ashland,OR,97520
Aztek Fencing,6545 E County Rd 14,Loveland,CO,80537
B & B Farm Supply,48408 US 101,Langlois,OR,97450
B&C True Value Home Center,2032 Nevada City Hwy,Grass Valley,CA,95945
Badger Building - Sagle,260 Chevy St,Sagle,ID,83860
Badger Building - Post Falls,2813 E Seltice Way,Post Falls,ID,83854
Badger Building - Kalispell,2930 Hwy 2 East,Kalispell,MT,59901
Badger Building - Bonners Ferry,34 SWIFT LANE,BONNERS FERRY,ID,83805
Baker Lumber,311 Pine Street,Kelso,WA,98626
"Baker Lumber Co. & Building Materials, Inc.",1093 W Second St,Pomona,CA,91766
Bakerview Spur Lumber,4010 Bakerview Spur,Bellingham,WA,98226
Bandon Supply,1120 Fillmore Ave SE,Bandon,OR,97411
Barn Craft,93166 Prairie Rd,Junction City,OR,97448
Barrelhead Building Supply,3551 SE Ferryslip Rd,South Beach,OR,97366
Battle Ground Building Supply,16 NW 18Th Ave,Battle Ground,WA,98604
Bay Area Fence & Deck,50 Umbarger Road,San Jose,CA,95111
Bay Area Hay & Feed,101 N Greenville Rd,Livermore,CA,94550
Bayley Lumber & Hardware Inc,200 Tule Creek Rd,Hayfork,CA,96041
Bayside Building Materials,2075 S Norfolk St,San Mateo,CA,94403
Bayview Building Material,620 E Young St.,Elma,WA,98541
Beaumont Do It Best Home Center,1538 E 6th St,Beaumont,CA,92223
Bellingham Millworks,3879 Hannegan Rd,Bellingham,WA,98226
C&C Sand and Stone Co.,2635 Steel Dr,Colorado Springs,CO,80907
Beronio Lumber,2525 Marin St,San Francisco,CA,94124
Berry Lumber Inc,4607 Auburn Blvd,Sacramento,CA,95841
Big B Lumber,6600 Brentwood Blvd,Brentwood,CA,94513
Big Creek Lumber - Watsonville,1400 W Beach St,Watsonville,CA,95076
Big Creek Lumber - Davenport,3564 Hwy 1,Davenport,CA,95017
Big Creek Lumber - Santa Cruz,2801 Soquel Ave,Santa Cruz,CA,95062
Big Creek Lumber - Paso Robles,745 Riverside Ave,Paso Robles,CA,93446
Big Creek Lumber - Atwater,2050 Industrial Rd,Atwater,CA,95301
Big Creek Lumber - Half Moon Bay,111 Main St,Half Moon Bay,CA,94019
Big Johns Ace LLC,200 SW 2nd St,Cedaredge,CO,81413
Big R,310 8Th St,Greeley,CO,80631
Big R Stores,7303 Crater Lake Hwy,White City,OR,97503
Bighorn Landscape Materials LLC,7721 S Parker Rd,Aurora,CO,80016
Outdoor Fence Co.,2780 19th St SE,Salem,OR,97302
Billboard Lumber,352 W 6th St,Riddle,OR,97469
Bilt Wel Buildings,9001 Pan American Fwy NE,Albuquerque,NM,87113
BJS Metals,1672 Sherman Ave,North Bend,OR,97459
Black Crow Forest,18120 Bollinger Canyon Rd,San Ramon,CA,94582
Blakely Hout True Value Home Center,1685 N National Ave,Chehalis,WA,98532
Bleyhl Farm Service Inc,940 E Wine Country Rd,Grandview,WA,98930
Bloedorn Lumber - Casper,665 S Walnut St,Casper,WY,82602
Bloedorn Lumber - Cheyenne,1551 Stillwater Ave,Cheyenne,WY,82003
Bloedorn Lumber - Douglas,333 S Riverbend Dr,Douglas,WY,82633
Bloedorn Lumber - Fort Morgan,130 State St,Fort Morgan,CO,80701
Bloedorn Lumber - Laramie,450 N 3Rd St,Laramie,WY,82073
Bloedorn Lumber - Loveland,1810 W Eisenhower Blvd,Loveland,CO,80539
Bloedorn Lumber - North Platte,3000 E 4Th St,North Platte,NE,69103
Bloedorn Lumber - Torrington,219 W 21St Ave,Torrington,WY,82240
Bloedorn Lumber - Wheatland,757 Water St,Wheatland,WY,82201
Blue Ridge Forest Products Inc,10642 Industrial Ave ,Roseville,CA,95678
Blue Spruce Building Materials Inc,310 Bluff St,Lake City,CO,81235
Blue Mesa Lumber & Hardware,401 W Tomichi Ave,Gunnison,CO,81230
BMC West - Indio,45-491 Golf Center Pkwy,Indio,CA,92203
BMC West - Colorado Springs,870 Paonia St,Colorado Springs,CO,80915
BMC West - Denver,1349 W 52nd Ave,Denver,CO,80221
BMC - Fresno,1330 N Maple Ave,Fresno,CA,93703
BMC West - Greeley,500 27th St,Greeley,CO,80631
BMC - Modesto,4237 Murphy Rd,Modesto,CA,95358
BMC West - Pueblo,2700 E Fourth St,Pueblo,CO,81001
Everitt-Moore Lumber Co,464 Main St,Springfield,CO,81073
Bohnhoff Lumber Co Inc,3411 E 26th St,Vernon,CA,90058
Ideal Lumber & Hardware Inc.,827 W 1ST AVE,TOPPENISH,WA,98948
Jacobs Lumber True Value,315 3rd St Hwy 12,KAMIAH,ID,83536
Lake Chelan Building Supply,585 WAPATO WAY,MANSON,WA,98831
Pro X Home Center,510374 HWY 95,BONNERS FERRY,ID,83805
Western Materials,317 S 5th Ave,PASCO,WA,99301
Bi-Rite Lumber Co,400 YAKIMA VALLEY HWY,SUNNYSIDE,WA,98944
Brown Building Materials,112 N ERIE ST,SPOKANE,WA,99202
"Haney Lumber & Supply, Inc.",1101 N Highway,COLVILLE,WA,99114
Boise Cascade LLC - Lathrop,12030 S Harlan Rd,Lathrop,CA,95330
Boise Cascade LLC - Boise,4300 Enterprise,Boise,ID,83705
Boise Cascade LLC - Riverside,7145 Arlington Ave,Riverside,CA,92503
Boise Cascade LLC - Spokane,7020 E Mission Ave,Spokane Valley,WA,99212
Boise Cascade LLC - Vancouver,3309 NW Lower River Road,Vancouver,WA,98660
Boise Cascade LLC - Yakima,1512 S First St,Yakima,WA,98901
Bourget Bros,1636 11th St,Santa Monica,CA,90404
Boyce Lumber & Design Center,1410 S Russell St,Missoula,MT,59801
Bracut International,4051 Hwy 101,Arcata,CA,95521
Breckenridge Building Center,13445 Hwy 9,Breckenridge,CO,80424
Bridge Building Supply,28701 NE 82nd Ave,Battle Ground,WA,98604
Bridgewell Resources LLC,10200 SW Greenburg Rd #500,Tigard,OR,97223
Brims Farm & Garden,34963 Hwy 101 Business,Astoria,OR,97103
Brisco Mill & Lumber Company,1005 El Camino Real,Arroyo Grande,CA,93420
Broadmoor Lumber & Plywood,1350 El Camino Real,San Francisco,CA,94080
Bronson Lumber,10514 N McAlister Rd,La Grande,OR,97850
Gold Beach Lumber Yard â€“ Brookings/Harbor,16016 Hwy 101 S,Brookings,OR,97415
Brothers Door & Trim LLC,1140 G Street,Seaside,OR,97138
Bruce Bauer Lumber & Supply,134 San Antonio Circle,Mountain View,CA,94040
Budget Home Centers,780 Boston Ave,Longmont,CO,80501
Budget Lumber - Roseburg,3789 N Umpqua Hwy,Roseburg,OR,97470
Budget Lumber - Medford,2577 W Main St,Medford,OR,97501
Build Rite Lumber & Supply - Rawlins,1724 E Cedar St,Rawlins,WY,82301
Build Rite Lumber & Supply - Saratoga,200 N 1st St.,Saratoga,WY,82331
Builders Alliance,3801 Hannegan Rd,Bellingham,WA,98226
Builders Supply Co. Inc,5701 S 72Nd Street,Omaha,NE,68127
Builders Supply - Chester,540 Main St,Chester,CA,96020
Parker Lumber - Palm Springs,490 E Sunny Dunes Rd,Palm Springs,CA,92264
Parker Lumber - Yucca Valley,7054 Old Woman Springs Rd,Yucca Valley,CA,92284
Builders Warehouse - Denver,6464 Downing St,Denver,CO,80229
Builders Warehouse - Kearney,4600 2nd Ave,Kearney,NE,68847
Builders Warehouse - Grand Island,824 S Webb Rd,Grand Island,NE,68803
Building Material Bargain Ctr,775 NE Front St,Salem,OR,97301
Building Material Distributors Inc,1200 WEST DEL NORTE ST,EUREKA,CA,95501
Building Solutions LLC,62960 Boyd Acres Rd,Bend,OR,97701
Built by Newkirk,417 E Wilshire Ave,Fullerton,CA,92832
Burgess Lumber,3610 Copperhill Ln,Santa Rosa,CA,95403
Burke & Pace Lumber,971 Bennett Ave,Arroyo Grande,CA,93420
Burns Feed Store,29215 SE Orient Dr,Gresham,OR,97080
Butchers Block & Bldg Mtl,41860 Big Bear Blvd,Big Bear Lake,CA,92315
C & E Lumber Co,2692 N Towne Ave,Pomona,CA,91767
C&R Forest Products,3416 Mendocino Ave,Santa Rosa,CA,95403
Cahan Wood Products Ltd,12835 Bel Red Rd #300,Bellevue,WA,98005
Calaveras Lumber,155 S Main St,Altaville,CA,95221
California Redwood Gazebos,6261 Mariposa Rd,Oak Hills,CA,92344
California Redwood Products,384 S 2nd Ave #938,San Bernardino,CA,92408
"California Timberline, Inc.",4650 Edison Ave,Chino,CA,91710
Camps Lumber,1070 E Powell Blvd,Gresham,OR,97030
Canby Builders Supply,102 S Pine Street,Canby,OR,97013
Cannon's Building Materials,1818 G Street,Lewiston,ID,83501
Capital Lumber Cheyenne,1222 Dunn Ave,Cheyenne,WY,82001
Capital Lumber True Value,3105 W State St,Boise,ID,83703
"Carl's Building Supply, Inc.",10733 Rhody Dr,Port Hadlock,WA,98339
Carlson Hardware,111 Stanard Ave,Brownsville,OR,97327
Carpinteria Valley Lumber,915 Elm Ave,Carpinteria,CA,93013
Carr Trumbull Lumber,1310 Circle Dr,Scottsbluff,NE,69361
Cascade Concrete Accessories,3094 SE Tualatin Valley Hwy,Hillsboro,OR,97133
Cascade Fence & Deck,4415 NE Minnehaha St,Vancouver,WA,98661
Cascade Home Center - Creswell,104 S Mill St,Creswell,OR,97426
Cascade Home Center - Cottage Grove,40 S 5th St,Cottage Grove,OR,97424
Cascade Lumber,825 N Good Rd,Camano Island,WA,98282
Cascade Supply,45900 Main St,Concrete,WA,98237
Caseys Lumber,32859 N Hwy 67,Woodland Park,CO,80866
Caseywood Corp,12249 Charles Drive,Grass Valley,CA,95945
Castro Valley Lumber,2495 Castro Valley Blvd,Castro Valley,CA,94546
Cathlamet Building Materials,57 Main St,Cathlamet,WA,98612
Cattlemans Resource,223 Colorado Ave,Brush,CO,80723
CBS Lumber Company,451 Santa Fe Dr,Pueblo,CO,81006
Cedar Creek Lumber,950 B Fountain Street,Burlington,WA,98233
Cedar Factory Outlet,22105 NE 72nd Ave,Battle Ground,WA,98604
"All That Wood, LLC",80764 N Hwy 395,Hermiston,OR,97838
Cedar Fencing Outlet,891 NE 6th Street,Gresham,OR,97030
Cedar Supply North,7720 S HWY 287,Fort Collins,CO,80525
Celco Manufacturing Inc,4345 Telegraph Road,Los Angeles,CA,90023
Central Building Supply,133 Range View Loop,Westcliffe,CO,81252
Central Lane Building Supply,1593 W 5th Ave,Eugene,OR,97402
Central Valley Builders Supply - American Canyon,1386 Green Island Road,American Canyon,CA,94503
Central Valley Builders Supply - Woodland,535 Pioneer Ave,Woodland,CA,95776
Cerro Pacific,8800 West Rd,Redwood Valley,CA,95470
Champion Lumber Co,1313 Chicago Ave,Riverside,CA,92507
Channel City Lumber,35 Aero Camino,Goleta,CA,93117
Channel Lumber,100 W Cutting Blvd,Richmond,CA,94804
Chase Lumber Company,17600 Smith Rd,Aurora,CO,80011
Cheyenne Wells Lumber Inc,170 E 2Nd S,Cheyenne Wells,CO,80810
Century Lumber Centers - Scottsbluff,1725 E Overland,Scottsbluff,NE,69361
Century Lumber Centers - Torrington,1418 E K St,Torrington,WY,82240
Chinook Lumber Inc,17606 176th St. SE,Snohomish,WA,98296
Choice Building Supply,525 N Broadway,Cortez,CO,81321
Cimarron Lumber & Supply,2701 S College Ave,Fort Collins,CO,80525
City Lumber & Coal Yard,200 N 3rd St,Dayton,WA,99328
City Lumber Of Astoria #3139,2142 Commercial St,Astoria,OR,97103
City Of Eugene Traffic Division,1820 Roosevelt,Eugene,OR,97401
City of Vancouver,415 W 6th Street,Vancouver,WA,98660
City Plywood,515 NE F Street,Grants Pass,OR,97526
CJ Redwood,1179 W Washington Ave,Escondido,CA,92025
Clark Lumber,8460 SW Nyberg St.,Tualatin,OR,97062
Clatskanie Builders Supply,70 NW 4th St,Clatskanie,OR,97016
Coastal Construction,525 Sunol St,San Jose,CA,95101
Albany Coastal Farm and Ranch,"1355 Goldfish Farm Road, SE",Albany,OR,97322
Auburn Coastal Farm and Ranch,1425 Super Mall Way,Auburn,WA,98001
Cornelius Coastal Farm and Ranch,3865 Baseline Rd,Cornelius,OR,97113
Wentachee Coastal Farm and Ranch,260 Highline Dr,East Wenatchee,WA,98802
Eugene Coastal Farm and Ranch,2200 West 6th St,Eugene,OR,97402
Gresham Coastal Farm and Ranch,2865 NE Hogan Dr,Gresham,OR,97030
Mount Vernon Coastal Farm and Ranch,2021 Market St,Mount Vernon,WA,98273
Oregon City Coastal Farm and Ranch,1900 McLoughlin Blvd SE,Oregon City,OR,97045
Roseburg Coastal Farm and Ranch,740 NE Garden Valley Blvd,Roseburg,OR,97470
The Dalles Coastal Farm and Ranch,2600 W 6th St,The Dalles,OR,97058
Woodburn Coastal Farm and Ranch,1550 Mt Hood Ave,Woodburn,OR,97071
Yakima Coastal Farm and Ranch,2112 S 1st St,Yakima,WA,98903
Coeur d'Alene Builders Supply,655 W Clayton Ave,Coeur d'Alene,ID,83815
Collbran Supply Inc,203 Main St,Collbran,CO,81624
Colorado Contractor Solutions,1289 S 4th Ave #300,Brighton,CO,80601
Columbia Hardware,24 NE 2nd St,Stevenson,WA,98648
Community Lumber Co,54200 Maranatha Dr,Idyllwild,CA,92549
Concannon Lumber Company,2950 SE Stark St #230,Portland,OR,97214
Conifer Pacific,3540 2nd St,Hubbard,OR,97032
Construction Supply - Aztec,600 NE Aztetc Blvd,Aztec,NM,87410
Construction Supply - Bloomfield,912 W Broadway Ave,Bloomfield,NM,87413
Construction Supply - Farmington,716 E Main St,Farmington,NM,87401
Convoy Supply Ltd. - Auburn,25 37th St NE,Auburn,WA,98002
Convoy Supply Ltd. - Portland,3720 NW Yeon Ave,Portland,OR,97210
Conwood Products,1701 W 31St St,Vancouver,WA,98660
Coos Grange Supply,1085 South 2nd,Coos Bay,OR,97420
Coos Head Builders,1672 Sherman Ave,North Bend,OR,97459
Copeland Lumber Yards - Newport,345 E Olive St,Newport,OR,97365
Copeland Lumber Yards - Florence,3231 Hwy 101 N,Florence,OR,97439
Coquille Supply,10054 Hwy 42,Coquille,OR,97423
County Line Lumber,4047 NE County Line Rd,Erie,CO,80516
Cramer's Home Building Centers - Wind Gap,519 N Broadway,Wind Gap,PA,18091
Cramer's Home Building Centers - East Stroudsburg,320 N Courtland St,East Stroudsburg,PA,18301
Cramer's Home Building Centers - Pocono Summit,128 Harvest Ln,Pocono Summit,PA,18346
Crenshaw Lumber Co,1860 W 166th St,Gardena,CA,90247
Crescent Ace Hardware,840 Washington Blvd,Crescent City,CA,95531
Crescent City Hay and Feed,160 Elk Valley Rd,Crescent City,CA,95531
"Cross Country Pipeline Supply Co., Inc.",2251 Rifle St,Aurora,CO,80011
Crystal Landscape Grading & Supplies,6616 N Garfield Ave,Loveland,CO,80538
Cudahy Lumber,3010 SE Tualatin Valley Hwy,Hillsboro,OR,97123
Sequoia Spa Shelters,2401 Q Street,Rio Linda,CA,95673
Curtis Lumber,2326 4th Ave E,Olympia,WA,98506
Custom Cedar Products,16369 NE Sandy Blvd,Portland,OR,97230
Cutter Lumber Products,1800 Hwy 20,Willits,CA,95490
D & B Supply - Baker City,3515 Pocahontas Rd.,Baker City,OR,97814
D & B Supply - Boise,6945 OVERLAND ROAD,BOISE,ID,83709
D & B Supply - Caldwell,3816 Cleveland Blvd,Caldwell,ID,83605
D & B Supply - Garden City,6650 N GLENWOOD St,GARDEN CITY,ID,83714
D & B Supply - Jerome,1120 S. Lincoln Ave,Jerome,ID,83338
D & B Supply - La Grande,10101 East 1st Street,La Grande,OR,97850
D & B Supply - Meridian,1725 East Fairview Ave,Meridian,ID,83642
D & B Supply - Mountain Home,555 Airbase Road,Mountain Home,ID,83647
D & B Supply - Nampa,3200 12th AVE RD,Nampa,ID,83686
D & B Supply - Ontario,519 SW 19th street,Ontario,OR,97914
D & B Supply - Pendleton,850 Southgate Rd,Pendleton,OR,97801
D & B Supply - Twin Falls,2964 Addison Ave. East,Twin Falls,ID,83301
Dahlgrens Building Supply,58351 Columbia River Hwy,St Helens,OR,97051
Darnell Hardware,1000 N Main St ,Gunnison,CO,81230
Dateline Exports,7098 N Marine Dr,Portland,OR,97203
Dave's Supply,2601 Warm Springs St,Carson City,NV,89701
Day Lumber,2690 E Hwy 160,Pagosa Springs,CO,81147
Day Star Industries Inc,13607 Pumice St,Santa Fe Springs,CA,90670
Dels Building Supply,102 S Old Pacific Hwy,Myrtle Creek,OR,97457
Denair Lumber - Denair,4501 Main St,Denair,CA,95316
Denair Lumber - Riverbank,6512 Callender Ave,Riverbank,CA,95367
Denver Lumber,1490 S Cherokee St,Denver,CO,80223
Dependable Lumber,415 2nd St,Paonia,CO,81428
Deschutes Pine Sales,19810 Village Office Ct #100,BEND,OR,97702
Diamond Home Center - Grants Pass,1881 NE 7th St,Grants Pass,OR,97526
Diamond Home Center - Klamath Falls,2380 S 6th St,Klamath Falls,OR,97603
Diamond K Supply,3671 Mt Diablo Blvd,Lafayette,CA,94549
Diamond Building Supply,2930 W Owens Rd,Deer Park,WA,99006
Diamond Lake Lumber,325382 Hwy 2,Newport,WA,99156
Diamond Pacific,150 Forni Rd,Placerville,CA,95667
Dicks Evergreen Fence and Deck,4815 SE Tualatin Valley Hwy,Hillsboro,OR,97123
Dinuba Lumber,441 W Tulare St,Dinuba,CA,93618
Direct Lumber & Door of Colorado,8000 E 40th Ave,Denver,CO,80207
Discount Lumber and Metal Roofing,2660 I-70 B Loop,Grand Junction,CO,81501
Discount Lumber Building,8003 N Market St,Spokane,WA,99217
Disdero Lumber,12301 SE Carpenter Dr,Clackamas,OR,97015
DLD Lumber,1755 Egbert Ave,San Francisco,CA,94124
Dolan's Lumber - Concord,2231 Monument Blvd,Concord,CA,94520
Dolan's Lumber - Pinole,990 San Pablo Ave,Pinole,CA,94564
Don Abel Building Supply Inc.,9999 Glacier Hwy,Juneau,AK,99801
Dons Garden Shop,6001 E Platte Ave,Colorado Springs,CO,80915
Douglas County Farmers Co op,3171 NE Stephens St,Roseburg,OR,97470
Douglas Lumber,1335 N Park St,Castle Rock,CO,80109
Draegert Feed N Supply,505 Edison St,Brush,CO,80723
E & E Lumber - Marysville,1364 State Ave,Marysville,WA,98270
E & E Lumber - Sedro Woolley,201 W State St,Sedro Woolley,WA,98284
Eagle Forest Products,222 W State St,Eagle,ID,83616
Early Bird Supply Inc - Clarkston,1508 15th St,Clarkston,WA,99403
Early Bird Supply Inc - Grangeville,322 N D St,Grangeville,ID,83530
Eastman Building Products,8191 Elder Creek Rd,Sacramento,CA,95824
Easy Green Greenhouse Manufacture,3191 N Marengo Ave,Altadena,CA,91001
Ebbetts Pass Lumber,981 Blagen Rd,Arnold,CA,95223
Economy Lumber Campbell,720 Camden Ave,Campbell,CA,95008
Economy Lumber Oakland,750 High St,Oakland,CA,94601
Economy Plywood,6142 Crater Lake Ave,Central Point,OR,97502
Economy Supply,1055 Tangent Street,Lebanon,OR,97355
Edwards Building Center,33636 Hwy 6,Edwards,CO,81632
Eliason Lumber,3040 W Nielsen Ave,Fresno,CA,93706
Elk Creek Forest,2215 NE Evans St,McMinnville,OR,97128
Elk River Farm & Feed,2680 Copper Ridge Circle,Steamboat Springs,CO,80487
Empire Building Materials,6711 Desmet Rd,Missoula,MT,59808
Empire Wood Products,61395 Hwy 101,Coos Bay,OR,97420
Environmental Supply,1916 Sheldon Ave,Colorado Springs,CO,80904
Escondido Lumber & True Value,310 S Quince St,Escondido,CA,92025
Eugene True Value,2825 Willamette Street,Eugene,OR,97405
Evergreen Supply,54304 Idaho 200,Clark Fork,ID,83811
Factory Direct Housing,2750 West Capital Ave,West Sacramento,CA,95691
Fairfax Lumber & Hardware,109 Broadway,Fairfax,CA,94978
Farm & Home Lumber,701 7th Ave,Hudson,CO,80621
Farmers Building Supply Inc,1741 Dowell Rd,Grants Pass,OR,97527
Farmers Lumber & Supply,2190 S East Ave,Fresno,CA,93721
Fence Factory - Ventura,1606 Los Angeles Ave,Ventura,CA,93004
Fence Factory - Agoura Hills,29414 Roadside Dr,Agoura Hills,CA,91301
Fence Factory - Santa Maria,2709 Santa Maria Way,Santa Maria,CA,93455
Fence Specialties Inc.,330 Main St,Riverside,CA,92501
Fenceworks Inc. - Fresno,1250 N Backer Ave,Fresno,CA,93703
Fenceworks Inc. - Sacramento,6837 Power Inn Rd,Sacramento,CA,95828
Economy Fence Center - Everett,1616 E Marine View Dr,Everett,WA,98201
Economy Fence Center - Tacoma,3304 S 30th St,Tacoma,WA,98409
Economy Fence Center - Redmond,7760 185th Ave NE,Redmond,WA,98052
Ferguson Enterprises,740 S 28th St,Washougal,WA,98671
Fields Home Center,5285 Williams Hwy,Grants Pass,OR,97526
Fischer Mill Supply,20990 S Fischers Mill Rd,Oregon City,OR,97045
Fisher Hardware & Lumber Co.,1600 Lincoln Blvd,Santa Monica,CA,90404
Flat Tops Ranch Supply,21475 Hwy 131,Phippsburg,CO,80469
Foothill Home Improvement Center,15825 Foothill Blvd,Fontana,CA,92335
Forbusco Lumber,1784 Smith Lane,Fortuna,CA,95540
Forest Building Material,300 N May Ave,Oklahoma City,OK,73107
Forest Plywood Sales,14711 Artesia Blvd,La Mirada,CA,90638
Cascade Fence Co. ,1209 Fergison Park Rd,Snohomish,WA,98290
Foster Lumber Yard - Vallejo,3280 Sonoma Blvd,Vallejo,CA,94590
Foster Lumber Yard - Fairfield,1601 W Texas St,Fairfield,CA,94533
Fosters IWP,1271 Stowe Ave,Medford,OR,97501
Four Corners Farm & Garden,70 Ph 10,Castle Rock,WA,98611
Four Seasons Lumber Inc,539-850 Little Valley Rd,McArthur,CA,96056
Four Seasons Supply Center,304 S Court St,Alturas,CA,96101
Foxworth Galbraith Lumber - Colorado Springs,3131 N Nevada Ave,Colorado Springs,CO,80907
Foxworth Galbraith Lumber - Woodland Park,300 S Chestnut,Woodland Park,CO,80863
Franklin Building Supply - Boise,11700 Franklin Rd,Boise,ID,83709
Franklin Building Supply - Fruitland,1200 Whitley Dr,Fruitland,ID,83619
Franklin Building Supply - Elko,1335 W Idaho St,Elko,NV,89801
Franklin Building Supply - Twin Falls,1390 Highland Ave E,Twin Falls,ID,83301
Franklin Building Supply - McCall,14047 Hwy 55,McCall,ID,83638
Franklin Building Supply - Pocatello,1951 Flandro Dr,Pocatello,ID,83202
Franklin Building Supply - Winnemucca,3555 Construction Way,Winnemucca,NV,89445
Franklin Building Supply - Caldwell,4523 E Cleveland Blvd,Caldwell,ID,83605
Franklin Building Supply - Bellevue,150 Glendale Rd,Bellevue,ID,83313
Freeman Lumber,2624 El Camino Real N,Salinas,CA,93907
Freres Building Supply - Stayton,101 N 1st St,Stayton,OR,97383
Freres Building Supply - Jefferson,518 N 2nd St,Jefferson,OR,97352
Fresno Grape Stake Yard,2838 S Elm Ave,Fresno,CA,93706
Friedmans Home Improvement - Ukiah,1255 Airport Park Blvd,Ukiah,CA,95482
Friedmans Home Improvement - Sonoma,1360 Broadway Ave,Sonoma,CA,95476
Friedmans Home Improvement - Petaluma,429 N MCDOWELL BLVD,Petaluma,CA,94954
Friedmans Home Improvement - Santa Rosa,4055 Santa Rosa Ave,Santa Rosa,CA,95407
Fritch Forest Products Inc,18507 Waverly Dr,Snohomish,WA,98296
Front Range Lumber,1741 S Wadsworth Blvd,Lakewood,CO,80232
Frontier Building Supply,708 W St Route 20,Sedro Woolley,WA,98284
Fruita Consumers Co-Op - Fruita,1650 Hwy 6 & 50,Fruita,CO,81521
Fruita Consumers Co-Op - Nucla,966 Main St,Nucla,CO,81424
Fruita Consumers Co-Op - Palisade,205 W 8th St,Palisade,CO,81526
Fullmers Ace Hardware,820 W Tomichi Ave,Gunnison,CO,81230
Ganahl Lumber - Anaheim,1220 E Ball Rd,Anaheim,CA,92805
Ganahl Lumber - Buena Park,6586 Beach Blvd,Buena Park,CA,90621
Ganahl Lumber - Capistrano Beach,34162 Doheny Park Dr,Capistrano Beach,CA,92624
Ganahl Lumber - Corona,150 W Blaine St,Corona,CA,92880
Ganahl Lumber - Laguna Beach,1765 Laguna Canyon Rd,Laguna Beach,CA,92651
Ganahl Lumber - Lake Forest,23132 Orange Ave,Lake Forest,CA,92630
Ganahl Lumber - Los Alamitos,10742 Los Alamitos Blvd,Los Alamitos,CA,90720
Ganahl Lumber - Costa Mesa,1275 S Bristol,Costa Mesa,CA,92626
Ganahl Lumber - Pasadena,3003 E Colorado Blvd,Pasadena,CA,91107
Gene Stringfield Building,2540 Roosevelt Blvd,Eugene,OR,97402
General Building Materials,3901 York St,Denver,CO,80205
Gerber Farm Supply,21879 S Springwater Rd,Estacada,OR,97023
Geren's Farm Supply,33680 SE Kelso Rd,Boring,OR,97009
Gerresten Building,1900 Airport Rd,Roseburg,OR,97470
Gibbs Lumber,1121 W Hayden Ave,Hayden ,ID,83835
GK Equipment Rentals Inc,1840 SE 8th Ave,Camas,WA,98607
Global Forest Products Inc.,5340 Brista St,Livermore,CA,94550
Gold Beach Lumber Yard - Gold Beach,28680 Hunter Creek Loop,Gold Beach,OR,97444
Golden State Lumber,1100 Andersen Dr,San Rafael,CA,94901
Golden State Lumber,3033 S Airport Way,Stockton,CA,95206
Golden State Lumber,38801 Cherry St,Newark,CA,94560
Golden State Lumber,601 Tunnel Ave,Brisbane,CA,94005
Grainland CO OP,421 S Colorado Ave,Haxtun,CO,80731
Grange Co-Op - White City,8205 CRATER LAKE HWY,WHITE CITY,OR,97503
Grange Co-Op - Grants Pass,1710 W Schutzwohl Ln,Grants Pass,OR,97527
Grange Co-Op - Central Point,225 S Front St,Central Point,OR,97502
Grange Co-Op - Klamath Falls,2525 WASHBURN WAY,KLAMATH FALLS,OR,97603
Grange Co-Op - Medford,2531 S PACIFIC HWY,Medford,OR,97501
Gray Lumber Company,3800 6th Ave,Tacoma,WA,98406
Greatwood Lumber,1555 S 1st St,Bennett,CO,80102
Green Acre Sod Farms,7604 N Bryant Ave,Oklahoma City,OK,73131
Greenhorn Valley True Value,6850 Hwy 165,Colorado City,CO,81019
"Greenland Supply, Inc.",826 S La Brea Ave,Inglewood,CA,90301
Greenleaf Trading LLC,1615 California St #312,Denver,CO,80202
Grove Lumber & Building Supplies - Ontario,1300 S Campus Ave,Ontario,CA,91761
Grove Lumber & Building Supplies - Romoland,27126 Watson Rd,Romoland,CA,92585
GW Industries,9450 SW Commerce Cir #101,Wilsonville,OR,97070
Hagle Lumber Company,3100 Somis Rd,Somis,CA,93066
J.E. Hamilton and Sons,9718 271St St Nw,Stanwood,WA,98292
Hammer & Wikan,5615 W Marginal Way SW,Seattle,WA,98106
Hammer Lumber,399 Garfield St,Eugene,OR,97402
Harbor Truss Inc,17496 Carpenterville Rd,Brookings,OR,97415
Hardel Builders Center,2321 Harrison Ave NW,Olympia,WA,98507
Hardware Sales,2034 James St,Bellingham,WA,98225
Hasselblad Lumber Sales Inc,2012 N Pearl St Ste 301,Tacoma,WA,98406
Hofmeister Building Center,321 S Colorado Ave,Haxtun,CO,80731
Healdsburg Lumber Company,359 Hudson St,Healdsburg,CA,95448
Gualala Building Supply,38501 S Hwy 1,Gualala,CA,95445
Hells Canyon Lumber Sales,10400 NW Alphorn Ln,Hillsboro,OR,97124
Hennick's Hardware - Lakeside,205 N 8th St,Lakeside,OR,97449
Hennick's Hardware - Bandon,88296 Hwy 42 S,Bandon,OR,97411
Herbert Lumber,656 Riddle Bypass Rd,Riddle,OR,97469
Heritage Fence Of Colorado,10 Oak Ave,Eaton,CO,80615
Hermiston Lumber,80458 Hwy 395 N,Hermiston,OR,97838
Hesters Log & Lumber,8178 Hwy 9,Kremmling,CO,80459
Hi Way Lumber Co. Inc,2079 W Main St,Medford,OR,97501
Hibbert Lumber,500 G St,Davis,CA,95616
High Country Lumber,444 S Main St,Bishop,CA,93514
High Plains Cattle Supply,16256 N Hwy 85,Platteville,CO,80651
High Sierra Lumber & Supply,1201 S K St,Tulare,CA,93274
Highland Lumber - Grand Lake,12525 U.S. 34,Grand Lake,CO,80447
Highland Lumber - Tabernash,72399 U.S. 40,Tabernash,CO,80478
Hills Flat Lumber - Grass Valley,380 Railroad Ave,Grass Valley,CA,95945
Hills Flat Lumber - Colfax,1000 S Canyon Way,Colfax,CA,95713
Hoch Lumber,100 S Main St,Yuma,CO,80759
Holt Lumber Inc - Fresno,1916 S Cherry Ave,Fresno,CA,93721
Holt Lumber Inc - Hanford,880 W 6th St,Hanford,CA,93230
Holyoke Building Center,200 E Carnahan St,Holyoke,CO,80734
Home Builders Center,1110 W Nickerson St,Seattle,WA,98119
Guihen's Lumber & Landscapes,1006 E Olive St,Lamar,CO,81052
Homestead Log Homes,6301 Crater Lake Hwy,Central Point,OR,97502
Hometown Hardware,323 Spruce Street,Myrtle Point,OR,97458
Honsador Lumber,4950 NW Front Ave,PORTLAND,OR,97210
Hoover Treated Wood Products,499 Dillard Gardens Rd,Winston,OR,97496
Howie's Moulding Inc,8032 Allport Ave,Santa Fe Springs,CA,90670
Hoyt's Hardware and Building Supply,440 N Pine St,Sisters,OR,97759
Hughes Lumber,6345 Crater Lake Hwy,Central Point,OR,97502
Hulbert Lumber,37500 Cedar Blvd,Newark,CA,94560
Hull-Oakes Lumber Co.,23837 Dawson Rd,Monroe,OR,97456
Pioneer Sand Company Inc. - Brighton,13505 E 112th Ave,Brighton,CO,80603
Pioneer Sand Company Inc. - Littleton,8189 W Brandon Dr,Littleton,CO,80125
Pioneer Sand Company Inc. - Boulder,6379 Valmont Rd,Boulder,CO,80301
Pioneer Sand Company Inc. - Aurora,463 Airport Blvd,Aurora,CO,80011
Hutchison Western,7460 Hwy 85,Adams City,CO,80022
Hydrotech Manufacturing LLC,836 Mason Way,Medford,OR,97501
Hylton Lumber,348 H St,Salida,CO,81201
Idaho Springs Lumber,1965 Miner St,Idaho Springs,CO,80452
Illinois Valley Building Supply,434 Caves Hwy,Cave Junction,OR,97523
Industrial Steel & Supply,526 Virginia Ave,North Bend,OR,97459
Insulated Component Structures,1901 E Prospect Rd,Fort Collins,CO,80525
Island Fence,93114 Hwy 99 S,Junction City,OR,97448
Island Hardware & Supply,21 W Beach Rd,Eastsound,WA,98245
IWP Sales & Distribution - Clackamas,14421 SE 98th Ct,Clackamas,OR,97015
IWP Sales & Distribution - Medford,1271 Stowe Ave,Medford,OR,97501
J & H Forest Products Inc.,3156 S Bown Way,Boise,ID,83706
J&W Lumber Company - Escondido,1179 W Washington Ave,Escondido,CA,92025
J&W Lumber Company - El Cajon,430 S Marshall Ave,El Cajon,CA,92020
J&W Lumber Company - San Marcos,2709 S Santa Fe Ave,San Marcos,CA,92069
J&W Lumber Company - Murrieta,25217 Jefferson Ave ,Murrieta,CA,92562
J&W Lumber Company - Sorrento Valley,11135 Sorrento Valley Rd,San Diego,CA,92121
J&W Lumber Company - Chula Vista,3817 Main St,Chula Vista,CA,91911
J D Fields Lumber,1751 W 130th St,Gardena,CA,90249
J M Thomas Forest Products,1530 E 64th Ave,Denver,CO,80229
Quality Truss & Lumber Inc.,21005 Hwy 30,Filer,ID,83328
Ronco Building Supply,2580 OVERLAND AVE,BURLEY,ID,83318
Sunroc Building Materials,2773 Industrial Dr,Ogden,UT,84401
Wheelwright Lumber Company,3127 Hooper Rd,Ogden,UT,84401
Cashway Lumber Company,3205 10th St,Baker City,OR,97814
Sunroc Building Materials,671 S Hwy 191,Rexburg,ID,83440
ProBuild - Midvale,7380 S 700 W,MIDVALE,UT,84047
J M Thomas Forest Products,1625 E Yamhill Rd,Boise,ID,83705
J M Thomas Forest Products,2525 U.S. 89,Ogden,UT,84404
J&P WHOLESALE,3300 MEMORIAL DR,KLAMATH FALLS,OR,97601
Jackson Milling & Lumber,24854 Avenue Tibbitts,Valencia,CA,91355
Jacksonville Lumber,155 S 4th St,Jacksonville,OR,97530
Jake Johnson Enterprises,18019 Beall Rd SW,Vashon Island,WA,98070
Jensen Sales,8980 S Santa Fe Dr,Littleton,CO,80125
Jerry's Home Improvement Center - Springfield,2525 Olympic St,Springfield,OR,97477
Jerry's Home Improvement Center - Eugene,2600 Hwy 99 N,Eugene,OR,97402
Jim Thorp Lumber,3561 Eagle Valley Rd,Yoncalla,OR,97499
JLR Drywall Supply,12680 W 20th St,Greeley,CO,80634
Johnson Cashway Lumber,1900 10th St,Gering,NE,69341
Johnson Lumber Ace Hardware,600 Tennant Ave,Morgan Hill,CA,95037
Jordans Building Center,5000 Ward Rd,Wheat Ridge,CO,80033
Josephine County Public Works,201 River Heights Way,Grants Pass,OR,97527
Katella Plywood & Lmbr Co,8121 Katella Ave,Stanton,CA,90680
Kelly Lumber,757 NE Santiam Blvd,Mill City,OR,97360
Kelly-Wright Hardwoods Inc,450 Delta Ave,Brea,CA,92821
Kelseyville Lumber Supply,3555 N Main St,Kelseyville,CA,95451
Kens Rental & Supply,126 Huntington Ave N,Castle Rock,WA,98611
Kens Stakes & Supplies,193 S Mariposa Ave,Visalia,CA,93292
Kerr Hardware,775 Chetco Ave,Brookings,OR,97415
Kilgore Blackman Building Materials,5444 Commercial St SE,Salem,OR,97306
Kingston Lumber Millwork & Supply,10900 NE State Hwy 104,Kingston,WA,98346
Kitsap Lumber & Hardware,450 National Ave S,Bremerton,WA,98312
Knecht Home Center,3090 E Main St,Canon City,CO,81212
L&J Feed,531 14th Ave,Longview,WA,98632
La Mesa Lumber,8255 University Ave,La Mesa,CA,91942
LA Spas,1311 N Blue Gum St,Anaheim,CA,92806
La Veta True Value Hardware,1010 Cherry St,La Veta,CO,81055
Lacamas Pellets & Feed,18110 NE 4th Plain Rd,Vancouver,WA,98682
Lakeside Lumber,10600 SW Tualatin Sherway Rd,Tualatin,OR,97062
Lamar Building Material,224 N Main St,Lamar,CO,81052
Larsen Bros. Lumber,14200 Washington Ave,San Leandro,CA,94578
Lathrop Woodworks,16175 S McKinley Ave,Lathrop,CA,95330
Urban Garden Workshop,220 Redwood Hwy,Mill Valley,CA,94941
LCW Lanoga Central Warehouse,9311 47TH AVE SW,LAKEWOOD,WA,98439
Learned Lumber,635 Pacfic Coast Hwy,Hermosa Beach,CA,90254
Lee Roy Jordan Lumber Company,2425 Burbank St,Dallas,TX,75235
Lester Sales Inc.,1602 18th Ave,Sweet Home,OR,97386
Lewis True Value Mercantile,311 Bayfield Center Dr,Bayfield,CO,81122
Lincoln Creek Lumber - Centralia,1621 Harrison Ave,Centralia,WA,98531
Lincoln Creek Lumber - Tumwater,2421 93rd Ave SW,Tumwater,WA,98512
Linde Vineyard Supply,9681 Rickreall Rd,Rickreall,OR,97371
Lindsay Lumber Company,15101 Paramount Blvd,Paramount,CA,90723
Little Mountain Hardware,2170 Hwy 141,Trout Lake,WA,98650
Lloyd's Equipment Co.,4722 W Mission Blvd,Ontario,CA,91762
LMH Building Center,2018 S Prarie Ave,Pueblo,CO,81005
LNL Lumber Outlet,61229 Hwy 101,Coos Bay,OR,97420
Lodgepole Products,145 Sand Creek Rd,Laramie,WY,82070
Lone Tree Lumber,648 Fairway Dr,Galt,CA,95632
Long Brothers Building Supply,195 Birds Eye Ave,Woodburn,OR,97071
LongHorn Lumber,3698 SW Reif Rd,Powell Butte,OR,97753
Longs Building Supply Inc,3960 Old Hwy 99 S,Roseburg,OR,97470
Lumber Yard Supply - Great Falls,1300 River Dr N,Great Falls,MT,59404
Lumber Yard Supply - Billings,1324 Lockwood Rd,Billings,MT,59101
Lumber Yard Supply - Spokane,17524 E Euclid Ave,Spokane Valley,WA,99216
Clearwater Builders Supply,102 Trenary Rd,Kamiah,ID,83536
Conrad Building Center,107 S Main St,Conrad,MT,59425
Edgewood Building Supplies,80277 US HWY 87,LEWISTOWN,MT,59457
Greybull Building Center,617 1st Ave S,Greybull,WY,82426
J & M Lumber,8426 E Hwy 12,Baker,MT,59313
Kenyon Noble Lumber & Hardware,1243 W Oak St,Bozeman,MT,59715
Big Sky Lumber Supply,1203 Minnesota Ave,Libby,MT,59923
Orofino Builders Supply Inc,165 Riverside Ave,Orofino,ID,83544
Power Townsend Company,1387 E Custer Ave,Helena,MT,59602
Superior Color & Lumber,109 Mullan Rd W,Superior,MT,59872
Tenth Street Lumber,1000 Railroad Ave,Saint Maries,ID,83861
Ullman Lumber Company,301 E 1st Ave,Big Timber,MT,59011
Westmart Building Center,100 S Faithful St,West Yellowstone,MT,59758
Farmers Union Lumber,320 26th St E,Williston,ND,58801
"JJ Building Supplies, Inc.",2750 U.S. 95,Moscow,ID,83843
Knudson Lumber,1791 Vantage Hwy,Ellensburg,WA,98926
Bloedorn Lumber - Billings,233 Howard Ave,Billings,MT,59101
Johnson Hardware Inc.,802 Noxon Ave ,Noxon,MT,59853
Valley Lumber,101 Amory Ave,OKANOGAN,WA,98840
Convoy Supply Ltd. - Spokane,3919 N Sullivan Rd,Spokane Valley,WA,99216
Savemore Building Supply,16215 E Sprague Ave,Spokane Valley,WA,99037
Perimeter Security Group,7551 Aqua Cir,Dalton Gardens,ID,83815
Lumberland Builders Supply,2590 Oakdale Ave,San Francisco,CA,94124
Lumberman Construction Supply Inc,1960 Folsom St,San Francisco,CA,94103
Lutak Lumber,15 Beach Rd,Haines,AK,99827
LWO Corporation,3841 N Columbia Blvd #1,Portland,OR,97217
M&S Building Supply & Home Center,2456 Del Monte Ave,Monterey,CA,93940
M & T Lumber Inc,1014 N Mt Shasta Blvd,Mount Shasta,CA,96067
M & W Building Supply,22175 Pacific Hwy E,Canby,OR,97013
Mac Co Metal Buildings,6183 Meister Way,Anderson,CA,96007
Main Building Supply,100 Broadway St,Rogue River,OR,97537
Marine Lumber Company,11800 SW Myslony St,Tualatin,OR,97062
Mariotti Building Products,1 Louis Industrial Dr,Old Forge,PA,18518
Marley Brown Lumber Service,4000 SE Powell Blvd,Portland,OR,97201
Master Halco - Hillsboro,6095 NW Century Blvd,Hillsboro,OR,97124
Master Halco - Kent,19240 E Valley Hwy,Kent,WA,98032
Master Halco - Ankeny,1553 NE 69th Pl,Ankeny,IA,50021
Master Halco - Denver,1725 E 66th Ave,Denver,CO,80229
Master Halco - San Diego,485 Raleigh Ave,El Cajon,CA,92020
Matheus Lumber,4510 NE 68th Dr Suite 110,Vancouver,WA,98661
Matheus Lumber,8692 N Hauser Lake Rd,Post Falls,ID,83854
Matheus Lumber,1433 West University Way,Ellensburg,WA,98926
Matheus Lumber,15800 Woodinville-Redmond Rd NE,Woodinville,WA,98072
Matson Building Materials,22601 N Highway 1,Fort Bragg,CA,95437
Tum-A-Lum Lumber - The Dalles,240 Terminal Ave,The Dalles,OR,97058
Mawson Lumber & Hardware,350 Linden St,Fort Collins,CO,80524
Mayan Hardwood Inc,2501 Oakwood Dr,Paso Robles,CA,93446
McKenny's Do It Best Building Centers - Arcata,1296 11th St,Arcata,CA,95521
McKenny's Do It Best Building Centers - Eureka,2800 Hubbard Ln,Eureka,CA,95501
McKinleyville Ace Hardware,2197 Central Ave,McKinleyville,CA,95519
McKinnon Lumber,217 7th St,Hollister,CA,95023
Mead Clark Lumber,2667 Dowd Dr,Santa Rosa,CA,95407
Mead Lumber - Sterling,265 E Chestnut St,Sterling,CO,80751
Mead Lumber - Cheyenne,2222 Bent Ave,Cheyenne,WY,82001
Meeker General Mercantile,990 Market St,Meeker,CO,81641
Meek's Lumber & Hardware - Meyers,2970 Hwy 50,Meyers,CA,96150
Meek's Lumber & Hardware - Martell,10422 N Hwy 49,Martell,CA,95654
Meek's Lumber & Hardware - South Lake Tahoe,2763 South Lake Tahoe Blvd,South Lake Tahoe,CA,96150
Meek's Lumber & Hardware - Carson City,2869 N Carson St,Carson City,NV,89706
Meek's Lumber & Hardware - Rocklin,4243 Dominguez Rd,Rocklin,CA,95677
Meek's Lumber & Hardware - Gardnerville,1405 Industrial Way,Gardnerville,NV,89410
Meek's Lumber & Hardware - Vacaville,1000 Hume Way,Vacaville,CA,95687
Meek's Lumber & Hardware - Redding,1045 Twin View Blvd,Redding,CA,96003
Meek's Lumber & Hardware - Chico,1100 E 20th St,Chico,CA,95928
Meek's Lumber & Hardware - Yuba City,1414 Colusa Hwy,Yuba City,CA,95991
Meek's Lumber & Hardware - Yreka,513 N Foothill Dr,Yreka,CA,96097
Meek's Lumber & Hardware - Anderson,6781 Eastside Rd,Anderson,CA,96007
Mendo Mill & Lumber - Fort Bragg,125 S Main St,Fort Bragg,CA,95437
Mendo Mill & Lumber - Ukiah,1870 N State St,Ukiah,CA,95482
Mendo Mill & Lumber - Lakeport,2465 S Main St,Lakeport,CA,95453
Mendo Mill & Lumber - Willits,305 E Commercial St,Willits,CA,95490
Mendo Mill & Lumber - Clearlake,5255 Old Highway 53,Clearlake,CA,95422
Metro Concrete Accessories Inc,13624 SW Vandermost Rd,Beaverton,OR,97005
Metro Landscape Supplies,39 C St,Washougal,WA,98671
Meza's Fence,2655-B Pacer Lane,San Jose,CA,95111
Mike's Bargain Center - Eugene,2454 Pacific Hwy W,Eugene,OR,97402
Mike's Bargain Center - Albany,33993 Texas St SW,Albany,OR,97321
Mike's Fence Center,59 SW Hayes Ave,Bend,OR,97702
Mill Outlet,4811 S Tyler St,Tacoma,WA,98409
Millers Home Center & Lumber - La Grande,307 Greenwood St,La Grande,OR,97850
Millers Home Center & Lumber - Baker City,3815 Pocahontas Rd,Baker City,OR,97814
Mills Ace Hardware,2047 NE 22nd Street,Lincoln City,OR,97367
Milwaukie Lumber - Milwaukie,10998 SE 21St Ave,Milwaukie,OR,97222
Milwaukie Lumber - Vancouver,13113 NE 4th Plain Rd,Vancouver,WA,98682
Milwaukie Lumber - Portland,8048 SE Stark St,Portland,OR,97215
MJK Sales & Feed,2315 W 1st St,Craig,CO,81625
Monaco Lumber,5980 Monaco St,Commerce City,CO,80022
Monje Forest Products,10101 SW Barbur Blvd,Portland,OR,97219
Monument Lumber,2111 Freedom Blvd,Freedom,CA,95019
Moore Lumber & Hardware - Bailey,5195 County Rd 64,Bailey,CO,80421
Moore Lumber & Hardware - Pine,186 Mount Evans Blvd,Pine,CO,80470
Morrill Hardware,106 Center Ave,Morrill,NE,69358
Moscow Building Supply,760 N Main St,Moscow,ID,83843
Pullman Building Supply,305 N Grand Ave,Pullman,WA,99163
Mossyrock Hardware,249 E State St,Mossyrock,WA,98564
Mountain Building Supply,1947 Lee Rd,Quincy,CA,95971
Mr. T's Hardware & Building Supply,6300 County Rd 335,New Castle,CO,81647
Mount Vernon Building Center,815 Roosevelt Ave,Mount Vernon,WA,98273
Muller Lumber,1580 Independence Hwy,Independence,OR,97351
Nantucket Post Cap,44 Hull St,Randolph,VT,05060
Nason Ridge Wine Cellars & Saunas,12259 6th Ave NW,Seattle,WA,98177
New Generation Supply,18 Jersey Lane,Colorado Springs,CO,80911
Nichols Lumber & Hardware Co,13470 Dalewood St,Baldwin Park,CA,91706
Nielsons Building Center,391 Tyee Dr,Point Roberts,WA,98281
Nielson Building Materials,1230 Mission Dr,Solvang,CA,93463
Nilsen Co. - Ferndale,1593 Market St,Ferndale,CA,95536
Nilsen Co. - Eureka,502 Broadway St,Eureka,CA,95501
Nooksack Valley Building Center,106 E Lincoln St,Everson,WA,98247
NorCal Fence & Deck Supply Inc,855 San Leandro Blvd,San Leandro,CA,94577
North City Lumber and Hardware,1221 NE 175th St,Shoreline,WA,98155
North County Hardware,40600 NE 221st Ave,Amboy,WA,98601
North Santiam Fencing,27800 N Santiam Hwy SE,Mill City,OR,97360
Northland Wood Products,4000 S Cushman St,Fairbanks,AK,99701
Northridge Lumber Co Inc,18537 Parthenia St,Northridge,CA,91324
Northwest Fence,4214 Pacific Hwy,Bellingham,WA,98226
"Northwest Pine Sales, Inc.",9414 SW Barbur Blvd Ste 200,Portland,OR,97219
Northwest Pole Buildings,21116 NW Roth Rd,Ridgefield,WA,98642
Northwest Ranch Supply,100 Central Ave,Kremmling,CO,80459
Norton Lumber,515 W 5th St,Phoenix,OR,97535
Novato Builders Supply,800 Sweetser Ave,Novato,CA,94945
Nu Forest Products Inc.,164 Healdsburg Ave,Healdsburg,CA,95448
Northwest Home Center,680 Airport Rd,Morton,WA,98356
NW Sustainable Building Products,6906 SE Johnson Creek Blvd,Portland,OR,97206
Oak Country Lumber & Ranch Supply,22909 El Camino Real,Santa Margarita,CA,93453
Oasis Equipment Rentals,540 Atascadero Rd,Morro Bay,CA,93442
Oceanic Arts,12414 Whittier Blvd,Whittier,CA,90602
Olaf M. Oja Lumber Co.,37201 Mt Hood Hwy,Sandy,OR,97055
Olsen Lumber & True Value Hardware,102 Washington St E,Vale,OR,97918
Onsite Roll Forming,30515 NW Paradise Park Rd,Ridgefield,WA,98642
Ontario Building Center,407 E Idaho Ave,Ontario,OR,97914
Orange Coast Hardware & Lumber,2727 S Main St,Santa Ana,CA,92707
Orange County Lumber Co,436 W Rialto Ave,Rialto,CA,92376
Ordway Building Supply,218 Main St,Ordway,CO,81063
Oregon Cedar Company,2245 McGilchrist St SE,Salem,OR,97302
Coos-Curry Supply Inc,1009 Oregon St,Port Orford,OR,97465
Sunrise Lumber,263 E 1st St,Ault,CO,80610
Skyberg's Hardware Supply,121 NE Main St,Willamina,OR,97396
Ottesens True Value,6700 W MARGINAL WAY,SEATTLE,WA,98106
Outdoor Wood Stuff,4321 W Ave K8,Lancaster,CA,93536
Outpost Farm & Garden,181 Upper Applegate Rd,Jacksonville,OR,97530
Outwest Drywall Supply,"161 Marand Rd, Unit A",Glenwood Springs,CO,81601
Outwest Drywall Supply,1645 N Townsend Ave,Montrose,CO,81401
Outwest Drywall Supply,2148 Hwy 6 & 50,Grand Junction,CO,81505
Overholt Truss,1796 Hwy 50,Delta,CO,81416
"Pac-Rim Building Supply, Inc.",3901 Raymond Ave SW,Renton,WA,98057
Pacific Building Center & True Value Hardware,2677 Bell Rd,Blaine,WA,98230
Pacific Clears,1017 Samoa Blvd,Arcata,CA,95521
Diamond Pacific - Templeton,626 N Main St,Templeton,CA,93465
Diamond Pacific - Auburn,11770 Atwood Rd,Auburn,CA,95603
Pacific Fir Lumber,4952 Portland Rd NE,Salem,OR,97305
Pacific Lumber & Truss Co. - Lake Oswego,5930 SW Jean Rd,Lake Oswego,OR,97035
Pacific Lumber & Truss Co. - Bend,1006 SE 9th St,Bend,OR,97702
City Wide Fence Company,16923 48th Ave W,Lynnwood,WA,98037
Pacific Lumber Resources Inc,1159 McVey Ave,Lake Oswego,OR,97034
Pacific Western Lumber (PacWest Lumber),6120 Main St SW #G,Lakewood,WA,98499
Pajono Woodworks,15925 Piuma Ave Unit C,Cerritos,CA,90703
Palmer Lumber,370 NW State Ave,Chehalis,WA,98532
Panhandle Coop Association - Scottsbluff,401 S Beltline Hwy W,Scottsbluff,NE,69361
Panhandle Coop Association - Torrington,740 W Valley Rd,Torrington,WY,82240
"Paragon Retaining Wall Systems, LLC",2337 Westout Ave,Parker,CO,80138
Parker Feed,11703 N State Hwy 83,Parker,CO,80134
Parkrose Hardware - Vancouver,16509 SE 1st St,Vancouver,WA,98684
Parkrose Hardware - Portland,10625 NE Sandy Blvd,Portland,OR,97220
Parr Lumber Window & Door Showroom,755 NW 185TH AVE,ALOHA,OR,97006
Parr Lumber Company - Klamath Falls,111 S Spring St,Klamath Falls,OR,97601
Parr Lumber Company - Ridgefield,1111 S TIMM RD,RIDGEFIELD,WA,98642
Parr Lumber Company - Medford,1231 Disk Dr,Medford,OR,97501
Parr Lumber Company - Bend,1311 SE Wilson Ave,Bend,OR,97702
Parr Lumber Company - Portland,1320 NW 19th Ave,PORTLAND,OR,97209
Parr Lumber Company - Newberg,200 N Elliott Rd,Newberg,OR,97132
Parr Lumber Company - Hillsboro,21700 NW Wagon Way,Hillsboro,OR,97124
Parr Lumber Company - West Linn,2351 SW Borland Road,West Linn,OR,97068
Parr Lumber Company - Eugene,4170 W 1st Ave,Eugene,OR,97402
Parr Lumber Company - Vancouver,6400 E 18th St,Vancouver,WA,98661
Parr Lumber Company - Marysville,7610 47th  Ave NE,Marysville,WA,98270
Parr Lumber Company - Tacoma,5301 184th St E,TACOMA,WA,98446
Pasadena Lumber & Supplies,1464 N Lincoln Ave,Pasadena,CA,91103
Surplus Lumber Co,532 E Lockeford St,Lodi,CA,95240
Peachtree True Value Hardware,2963 North Ave,Grand Junction,CO,81504
Peetz Farmers Coop,529 Main St,Peetz,CO,80747
Pelican Bay Forest Products,1223 NE 1st St,Bend,OR,97701
Penn Valley True Value Hardware,17387 Penn Valley Dr,Penn Valley,CA,95946
Performance Modular Inc,9090 Union Park Way,Elk Grove,CA,95624
Permapost Products Co,4066 Tualitin Valley Hwy,Hillsboro,OR,97123
Peterman Lumber Inc,10330 Elm Ave,Fontana,CA,92337
Pierson Building Center,4100 Broadway St,Eureka,CA,95503
Pine Cone Lumber,895 E Evelyn Ave,Sunnyvale,CA,94086
Pine Tree Lumber,707 N Andreasen Dr,Escondido,CA,92029
Pioneer Fence,11318 NE Hwy 99,Vancouver,WA,98686
Plumas Ace Hardware,184 W Sierra Ave,Portola,CA,96122
Plywood Solutions Inc,6523 NE Old Salem Rd,Albany,OR,97321
Plywood Supply,7036 NE 175th St,Kenmore,WA,98028
Pole Building Supply,601 NE Antler Ave,Redmond,OR,97756
Pollock Pines True Value Hardware,6416 Pony Express Trail,Pollock Pines,CA,95726
Poncha Lumber,10021 W Hwy 50,Poncha Springs,CO,81201
Portal Way Farm & Garden,6100 Portal Way,Ferndale,WA,98248
Post Commissary Hardware Store,29377 Hwy 159 S,Fort Garland,CO,81133
Poudre Valley Coop Association,225 NW Frontage Rd,Fort Collins,CO,80524
Poulsen Ace Hardware,151 Oak Ave,Eaton,CO,80615
Power Right Industries,1481 E Ninth St,Pomona,CA,91766
Precision Truss & Lumber Inc.,11550 SE Jennifer St,Clackamas,OR,97015
Premier Fence & Deck,18488 Prospect Rd #8,Saratoga,CA,95070
Price & Visser Millwork Inc,2536 Valencia St,Bellingham,WA,98226
Prime Forest Products Inc,19875 SW Military Lane,Beaverton,OR,97007
Pro Lumber,310 Hwy 101,Florence,OR,97439
ProBuild -  Newport,615 N Coast Hwy,Newport,OR,97365
ProBuild - Steamboat Springs,1500 13th St,Steamboat Springs,CO,80487
ProBuild - Arlington,20815 67th Ave NE,Arlington,WA,98223
ProBuild - Aspen,38005 Hwy 82,Aspen,CO,81611
ProBuild - Bend,63153 Nels Anderson Rd,Bend,OR,97701
ProBuild - Clackamas,15877 SE 98th Ave,Clackamas,OR,97015
ProBuild - Colorado Springs,2810 Capital Dr,Colorado Springs,CO,80939
ProBuild - Coos Bay,1221 N Bayshore Dr,Coos Bay,OR,97420
ProBuild - Cortez,12028 Hwy 145,Cortez,CO,81321
ProBuild - Denver,7595 Technology Way,DENVER,CO,80237
ProBuild - Durango,600 Sawmill Rd,Durango,CO,81302
ProBuild - Farmington,1411 San Juan Blvd,Farmington,NM,87401
ProBuild - Ferndale,5880 Portal Way,Ferndale,WA,98248
ProBuild - Garden City,1514-18 E Fulton St,Garden City,KS,67846
ProBuild - Glenwood Springs,7150 Hwy 82,Glenwood Springs,CO,81601
ProBuild - Grand Junction,2773 Riverside Pkwy,Grand Junction,CO,81501
ProBuild - Lakeview,1303 N 4th St,Lakeview,OR,97630
ProBuild - Lincoln City,6305 SW Hwy 101,Lincoln City,OR,97367
ProBuild - Littleton,8347 Blakeland Dr,Littleton,CO,80125
ProBuild - Longmont,4058 Camelot Circle,Longmont,CO,80504
ProBuild - Loveland,6775 Sherman St,Loveland,CO,80538
ProBuild - McMinnville,545 N 99 W,McMinnville,OR,97128
ProBuild - Montrose,16 W Main St,Montrose,CO,81402
ProBuild - Oklahoma City,12500 N Sante Fe,Oklahoma City,OK,73114
ProBuild - Olympia,1830 Black Lake Blvd SW,Olympia,WA,98512
ProBuild - Post Falls,N 2000 Hwy 41,Post Falls,ID,83877
ProBuild - Riverside,12212 Holly St,Riverside,CA,92509
ProBuild - Salinas,1250 Abbott St,Salinas,CA,93901
ProBuild - Shelton,114 E Cedar St,Shelton,WA,98584
ProBuild - Spanaway,1331 208th St E,Spanaway,WA,98387
ProBuild - Spokane,10310 E Montgomery Ave,Spokane,WA,99206
ProBuild - Tacoma,5519 20th St E,TACOMA,WA,98424
ProBuild - Tangent,33535 Hwy 99 E,Tangent,OR,97389
ProBuild - Vancouver,2820 NE 78th St,Vancouver,WA,98665
ProBuild - Walla Walla,115 N 11th Ave,Walla Walla,WA,99362
ProBuild - Yakima,1301 E Mead Ave,Yakima,WA,98909
ProBuild - Soquel,2435 41st Ave,Soquel,CA,95073
Probyn Export,350-601 Sixth st,New Westminster,BC,V3L3C1
Producers CO OP,38 W Main St,Montrose,CO,81401
Prong Horn Country Ace Hardware,287 US 40,Limon,CO,80828
Pyramid Fence Company,760 W 16th St #D,Costa Mesa,CA,92627
Quality Farm & Ranch Center - Wray,333 Dexter St,Wray,CO,80758
Quality Farm & Ranch Center - Yuma,700 E 8th Ave,Yuma,CO,80759
Quality Fence,114 W Pine St,Central Point,OR,97502
Quality Sheds & Metal Buildings,6570 Hwy 273,Anderson,CA,96007
R & S Supply,4768 Crater Lake Ave,Medford,OR,97504
R Gray's Bargain Yard,5044 S Coast Hwy,South Beach,OR,97366
Rabitoy Fence & Supply,5450 North River Rd,Gold Hill,OR,97525
Rams Wood Products,835 E Main St #B,Medford,OR,97504
Randall Lumber & Hardware,315 Paseo Del Pueblo Sur,Taos,NM,87571
Ransom Brothers Lumber,532 B St,Ramona,CA,92065
RBS True Value,445 N 1st St,Raton,NM,87740
Redwood Northwest,4977 W 11th Ave,Eugene,OR,97402
Reedley Lumber & Building Center,1547 G St,Reedley,CA,93654
Reel Lumber Service,275 E Santa Ana St,Anaheim,CA,92801
Reliable Truss,1851 Oak St,Wheatland,WY,82201
Reliable Wholesale Lumber Inc,7600 Redondo Cir,Huntington Beach,CA,92648
Renewable Fiber Inc - Broomfield,11605 Wadworth Blvd,Broomfield,CO,80020
Renewable Fiber Inc - Englewood,2600 W Oxford Ave,Englewood,CO,80110
Renewable Fiber Inc - Greeley,2824 1st Ave,Greeley,CO,80631
Renewable Fiber Inc - Fort Lupton,8394 U.S. 85,Fort Lupton,CO,80621
Reno Lumber,680 Spice Islands Dr,Sparks,NV,89431
RFP Lumber Co Inc,4801 Feather River Blvd ,Oroville,CA,95965
Richert Lumber Ace Hardware,5505 Sunol Blvd,Pleasanton,CA,94566
Richland Feed & Seed,114 1st St,Richland,OR,97870
Miller's Home Center Lumber & Truss,3815 Pocahontas Rd,Baker City,OR,97814
Rickreall Bargain Center,9855 Rickreall Rd,Rickreall,OR,97371
"Building Materials Bargain Center, Inc.",775 Front St NE,Salem,OR,97301
Rick's Custom Fencing & Decking - Hillsboro,4543 SE Tualatin Valley Hwy,Hillsboro,OR,97123
Rick's Custom Fencing & Decking - Gresham,20132 SE Stark St,Portland,OR,97233
Rick's Custom Fencing & Decking - Salem,8755 Portland Rd NE,Salem,OR,97305
Rick's Custom Fencing & Decking - Vancouver,11516 NE 66th St,Vancouver,WA,98662
Rick's Custom Fencing & Decking - Tri-Cities,9120 W Clearwater Ave,Kennewick,WA,99336
D R Johnson Lumber Co,1991 Pruner Rd,Riddle,OR,97469
Rim Forest Lumber Co Inc,26491 Pine Ave,Rim Forest,CA,92378
Roadside Lumber & Hardware Inc,29112 Roadside Dr,Agoura Hills,CA,91301
Roaring Fork Valley Co Op,760 Hwy 133,Carbondale,CO,81623
Robbins Lumber Sales Inc,15555 Valencia Ave,Fontana,CA,92335
Rochester Lumber,19523 Sargent Rd SW,Rochester,WA,98579
Rocks & Pine Forest Products,4455 U.S. 287,Laporte,CO,80535
Rocky Mountain Forest Products - Fountain,10605 Charter Oak Ranch Rd,Fountain,CO,80817
Rocky Mountain Forest Products - Wheat Ridge,11722 W 44th Ave,Wheat Ridge,CO,80033
Rocky Mountain Materials & Asphalt,1910 Rand Ave,Colorado Springs,CO,80905
Rocky Mountain Storage Barns Inc,3167 E Eisenhower Blvd,Loveland,CO,80537
Rocky Ridge Nursery & Landscape,327 E County Rd 60,Fort Collins,CO,80524
Rocky Top Resources,1755 E Las Vegas St,Colorado Springs,CO,80903
Rogers Feed Store,585 S Main St,Canyonville,OR,97417
Rogue Pacific Lumber,1187 W McAndrews Rd,Medford,OR,97501
Roseburg Forest Products,451 S Cedar Point Road,Coquille,OR,97423
Rosenberg Builders Supply,2 N Main Ave,Tillamook,OR,97141
Rush's Pueblo Lumber Co.,416 W 2nd St,Pueblo,CO,81003
S & W Manufacturing,7414 NE 47th Ave,Vancouver,WA,98661
S A Foster Lumber-Do It Express - Sidney,2467 Fort Sidney Rd,Sidney,NE,69162
S A Foster Lumber-Do It Express - Chappell,682 3rd St,Chappell,NE,69129
Sacramento Pacific Corp,3050 W Capital Ave,Sacramento,CA,95691
Samuelson True Value - Meeker,43900 Hwy 13,Meeker,CO,81641
Samuelson True Value - Craig,456 Breeze St,Craig,CO,81625
The Decking Superstore,2050 S 10th St,San Jose,CA,95112
San Mateo Lumber Co Inc,501 S Claremont St,San Mateo,CA,94402
Sandpoint Bldg Supply Inc,477421 Hwy 95 N,Ponderay,ID,83852
Santa Barbara Home Improvement Center,415 E Gutierrez St,Santa Barbara,CA,93101
Scarborough Ace Hardware,9470 Hwy 9,Ben Lomond,CA,95005
Sears Trostel Lumber Co,1500 Riverside Ave,Fort Collins,CO,80524
Sears Trostel Lumber Co,125 Air Park Dr,Fort Collins,CO,80524
SCOTTCO DISTRIBUTION,2970 W Hayden Ave,HAYDEN ,ID,83835
Security Contractor Services,12520 NE Whitaker Way,Portland,OR,97220
Sedgwick County Lumber,121 Walnut St,Julesburg,CO,80737
Sell Lumber Corporation,7887 Eastside Rd,Redding,CA,96001
Shamrock Building Materials,1026 SW Emkay Dr,Bend,OR,97720
Shasta Ridge Enterprises,448 Redcliff Dr,Redding,CA,96002
"Shelter Products, Inc.",1490 SE Gideon St #100,Portland,OR,97202
Sheridan Building Materials,345 S Bridge St,Sheridan,OR,97378
Shur-Cut Industries Inc,10110 N Portland Rd,Portland,OR,97203
"Shur-Way Building Centers, Inc. - Vancouver",7124 NE St Johns Rd,Vancouver,WA,98665
"Shur-Way Building Centers, Inc. - Portland",10101 N Portland Rd,Portland,OR,97283
Sierra Valley Home Center Inc,411 Main St,Loyalton,CA,96118
Sierra Vista Lumber,1301 West Ave,Alamosa,CO,81101
Silver Crown Landscape Materials,12185 N Dumont Way,Littleton,CO,80125
Silver Star Cabinets,409 Evergreen Dr,North Bonneville,WA,98639
SILVER STATE BUILDING MATERIALS,1434 Industrial Way,Gardnerville,NV,89410
Sito Building Components,409 E 1st St,Otis,CO,80743
Skagit Farmers Supply,1833 Park Ln,Burlington,WA,98233
Slavens True Value Hardware,237 W Main St,Cortez,CO,81321
Slice Recovery Inc,96828 Oregon 42,Coquille,OR,97423
Soares Lumber,6330 Monterey Rd,Gilroy,CA,95020
"Soares Lumber and Fence, Inc.",1218 D St,Los Banos,CA,93635
P.S.G. Fencing Corporation,1133 N 10th St,San Jose,CA,95112
Solanos Inc. Do it Best - Weed,700 Shastina Dr,Weed,CA,96094
Solanos Inc. Do it Best - Mount Shasta,128 Morgan Way,Mount Shasta,CA,96067
Sound Cedar Lumber Co,2600 Cedardale Rd,Mount Vernon,WA,98274
South City Lumber & Supply,499 Railroad Ave,San Francisco,CA,94080
South Fork Trading,4309 Main St,Sweet Home,OR,97386
South Park Lumber,375 Kokanee Rd,Fairplay,CO,80440
West Plains Building Supply,10812 W Gieger Blvd,Spokane,WA,99224
South Regal Lumber,5415 S Regal St,Spokane,WA,99223
Spaeth Lumber,1585 NW 9th St,Corvalis,OR,97330
Specialized Milling,10330 Elm Ave,Fontana,CA,92337
Specialty Wood Products,18400 E 22nd Ave,Aurora,CO,80011
Spenard Builders Supply - Anchorage,4412 Lois Dr,Anchorage,AK,99517
Spence Fence,1145 N Miller Park Ct,Visalia,CA,93291
Spiegelberg Lumber,259 W Fremont St,Laramie,WY,82072
Spitsen True Value Hardware Lumber,1054 Tahoe Blvd,Incline Village,NV,89451
Square Deal Lumber,4992 Main St,Springfield,OR,97478
Squires Lumber Co Inc,370 N 9th St,Colton,CA,92324
Star Nursery - St George,1335 S Dixie Dr,St George,UT,84770
Star Nursery - Mesquite,549 Commerce Cir,Mesquite,NV,89027
Statewide Fence,7634 Bates Rd S,Salem,OR,97306
Stayton Builders Mart,1080 Wilco Rd,Stayton,OR,97383
Steamboat Lumber Co.,1901 Shield Dr,Steamboat Springs,CO,80487
Alamosa Lumber,531 Edison Ave,Alamosa,CO,81101
Boulder Lumber,2990 Sterling Court,Boulder,CO,80306
Estes Park Lumber,400 S St Vrain Ave,Estes Park,CO,80517
Lafayette Lumber,1407 S 120th St,Lafayette,CO,80026
Logan County Lumber,502 S 11th Ave,Sterling,CO,80751
Ponderosa Lumber,2435 Eagle Dr,Pagosa Springs,CO,81147
Rocky Mountain Lumber & Hardware,735 N Hwy 24,Buena Vista,CO,81211
South Fork Lumber,29160 W Hwy 160,South Fork,CO,81154
Valley Lumber & Supply,981 N Hwy 285,Monte Vista,CO,81144
Walsenburg Lumber,403 West 7th St,Walsenburg,CO,81089
Estacada True Value,310 S Main St,Estacada,OR,97023
Stock Building Supply - Coeur D'Alene,505 W KATHLEEN ST,COEUR D' ALENE,ID,83815
Stock Building Supply - Hollywood,6641 Santa Monica Blvd,Los Angeles,CA,90038
Stock Building Supply - Mar Vista,3860 Grand View Blvd,Los Angeles,CA,90066
Stock Building Supply - North Hollywood,7151 Lankershim Blvd,North Hollywod,CA,91605
Stock Building Supply - Santa Clarita,23126 Drayton St,Santa Clarita,CA,91350
Stock Building Supply - Los Angeles,3250 N San Fernando Rd,Los Angeles,CA,90065
Stock Building Supply - Camarillo,2800 Barry St,Camarillo,CA,93010
Stock Building Supply - Northridge,18300 Parthenia St,Northridge,CA,91325
Stock Building Supply - Simi Valley,2000 Tapo St,Simi Valley,CA,93063
Stock Building Supply - Ventura,1160 E Thompson Blvd,Ventura,CA,93001
Stock Building Supply - Burbank,640 N Victory Blvd,Burbank,CA,91502
Stockyards Ranch Supply,6990 Vasquez Blvd,Commerce City,CO,80022
Strait Lumber,11150 E Colfax Ave,Aurora,CO,80010
Stump Fence Company,400 W Foothill Blvd,Glendora,CA,91741
Sublimity Building Supply,114 N Center St,Sublimity,OR,97385
Freres Building Supply,101 N 1st S,Stayton,OR,97383
Sundance Lumber,3960 El Dorado Rd,Placerville,CA,95667
Sunnyvale Lumber,870 W Evelyn Ave,Sunnyvale,CA,94086
Superior Forest Products,37583 Row River Rd,Dorena,OR,97434
Superior Forest Products,850 Prefontaine Dr,Coos Bay,OR,97420
Sutherlin True Value Hardware,215 W Central Ave,Sutherlin,OR,97479
Systems Plus Lumber Co.,1800 S Barney Rd,Anderson,CA,96007
T & H Building Supply,350 Blomquist St,Redwood City,CA,94063
Tahoe City Ace Lumber & Lumber,715 River Rd,Tahoe City,CA,96145
Tanglewilde Lumber Inc,7127 Martin Way E,Olympia,WA,98516
Techbuilt Inc.,164 N Oak St,Sutherlin,OR,97479
The Deck Superstore,5961 E 64th Ave ,Commerce City,CO,80022
The Farm Store,3956 Jacobs Ave,Eureka,CA,95501
The Feed Store Inc,2262 Snowy Range Rd,Laramie,WY,82070
The Fenceman Fence,2808 NE Burton Rd,Vancouver,WA,98662
The IPI Group,3337 N Cascade Ave,Colorado Springs,CO,80907
The Lumber Baron,500 Cleveland Ave,Berkeley,CA,94710
The Miller Lumber Company - Bend,110 NE Greenwood Ave,Bend,OR,97701
The Miller Lumber Company - Redmond,2800 U.S. 97,Redmond,OR,97756
The Miller Lumber Company - Madras,35 SE 6th St,Madras,OR,97741
The Miller Lumber Company - Prineville,137 NE 2nd St,Prineville,OR,97754
The Shed Guys,4880 Airway Dr,Central Point,OR,97502
The SL Smith Lumber,910 Hemlock St,Leadville,CO,80461
Tholl Fence,800 Glendale Ave,Sparks,NV,89431
Thomas Building Center,301 W Washington St,Sequim,WA,98382
Thomas Home Center,1685 Sutter Rd,McKinleyville,CA,95519
Three Gs Hay & Grain,5307 Boyd Rd,Arcata,CA,95521
Tillamook Farmers' Co-Op,1920 Main Ave N,Tillamook,OR,97141
Timberline Builders Supply,209 Main St,Walden,CO,80480
Timberline Forest Products,16044 SW 2nd St,Sherwood,OR,97140
Timberridge Trading Corp,3745 Wilshire Ln,Eugene,OR,97405
Timbers Diversified Wood Products,2710 Robinson St,Colorado Springs,CO,80904
Tinkertoy Fence,91875 Greenhill Rd,Junction City,OR,97448
T J Forest Inc.,104 3rd St S,Nampa,ID,83651
TMA Construction Supply,5635 Franklin St ,Denver,CO,80216
Tomkins Hardware & Lumber,127 N Main St,Creede,CO,81130
Topanga Lumber & Hardware Co,506 S Topanga Canyon Blvd,Topanga,CA,90290
Torgerson Forest Products,16055 SW Walker Rd,Beaverton,OR,97006
Touchstone Products,261 W Imperial Hwy,La Habra,CA,90631
Town & Country Hardware,1555 Monmouth St,Independence,OR,97351
Tri River Ace Hardware,720 Tyler Ave,Kremmling,CO,80459
Tri Spar Lumber & Supply,2742 County Shop Rd,Laramie,WY,82070
Trinity Lumber & Building Supply,230 Washington St,Weaverville,CA,96093
Triple O's Building Supply,633 10th Ave,Sidney,NE,69162
TRM Wood Products,26700 242nd Ave SE,Maple Valley,WA,98038
B & I True Value,120 W 6TH AVE,JUNCTION CITY,OR,97448
Trussway Ltd,10641 Charter Oak Ranch Rd,Fountain,CO,80817
Tuff Shed Inc - Denver,1777 S Harrison St #600,Denver,CO,80210
Tuff Shed Inc - Portland,6500 NE Halsey St,Portland,OR,97213
Tuff Shed Inc - Tukwila,17500 W Valley Hwy,Tukwila,WA,98188
Tum-A-Lum Lumber - Hood River,408 Hwy 35,Hood River,OR,97031
Tum-A-Lum Lumber - Pendleton,432 SE Dorian ,Pendleton,OR,97801
Tumbleweed Express,4700 Bluebird Ln,Laramie,WY,82070
Turbo Spas LLC,17130 Muskrat Ave,Adelanto,CA,92301
Tyee Cedar & Lumber,3737 A St SE,Auburn,WA,98002
Umpqua Building & Hardware,350 Greenwood Ave,Reedsport,OR,97467
Unalaska Building Supply,1253 E Broadway Ave,Unalaska,AK,99685
Union Lumber,401 B St,Marysville,CA,95901
Union Mills,14822 S Union Mills Rd,Mulino,OR,97042
United Pacific Forest Products,7157 SW Beveland St,Tigard,OR,97223
United States Building Supply,4391 York St,Denver,CO,80216
United Wood Products,7860 Diagonal Hwy,Longmont,CO,80503
Uresco Construction Materials,8246 S 194th St,Kent,WA,98032
Ute Pass Concrete Sand & Gravel,20575 Hwy 24,Woodland Park,CO,80863
Valencia Lumber,15809 Strathern St,Van Nuys,CA,91406
Valley Ace Hardware,1 Enterprise Dr,Westcliffe,CO,81252
Valley Distributors,1900 S Paulson Rd,Turlock,CA,95380
Valley Lumber - Basalt,55 Sunset Dr,Basalt,CO,81621
Valley Lumber - Rifle,2495 Railroad Ave,Rifle,CO,81650
Valley Lumber & Millwork,657 Shaw Ave,Ferndale,CA,95536
Valley Redwood Inc,4836 Auburn Blvd,Sacramento,CA,95841
Value Lumber Yards LLC,2180 Cross St,Eugene,OR,97402
Van Nuys Plywood & Lumber,9210 Topanga Canyon Blvd,Chatsworth,CA,91311
Van Well Building Supply Co,1650 SE Uglow Ave,Dallas,OR,97338
Vander Griend Lumber Co Inc,8461 Depot Rd,Lynden,WA,98264
"Vandermeer Forest Products, Inc.",5110 196th St SW #200,Lynnwood,WA,98036
Village Hardware,54190 California Hwy 243,Idyllwild,CA,92549
Visalia Lumber,232 N Ben Maddox Way,Visalia,CA,93292
Waterford Corporation,404 N Link Ln,Fort Collins,CO,80524
Weatherly's Inc.,15 Wallis St,Eugene,OR,97402
Weaver Forest Products Inc,7025 6th St,White City,OR,97503
Weaver Lumber,5321 Eastside Rd,Redding,CA,96001
Weber Plywood & Lumber Co Inc,15501 Mosher Ave,Tustin,CA,92780
Weiser Cedar Sales,600 Cedar Ave,Marysville,WA,98270
Welches Mountain Bldg Supply,67250 U.S. 26,Welches,OR,97067
Wesco Cedar,85331 Oregon 99,Eugene,OR,97405
West Coast Fencing,3425 Ocean Blvd,Coos Bay,OR,97420
West Point Lumber,22471 Hwy 26,West Point,CA,95255
Western Builders Supply Inc,92778 Knapp Rd,Port Orford,OR,97465
Western Building Center,1150 9th St W,Columbia Falls,MT,59912
Western Forest Products Inc - Bellingham,2192 Division St,Bellingham,WA,98226
Western Forest Products Inc - Mount Vernon,2414 Cedardale Rd,Mount Vernon,WA,98274
Western Implement Co. - Grand Junction,2919 North Ave,Grand Junction,CO,81504
Western Implement Co. - Montrose,2940 N Townsend Ave,Montrose,CO,81401
Western Lumber Inc.,601 U.S. 50,Gunnison,CO,81230
"Western Lumber Company, LLC",2240 Tower E #200,Medford,OR,97504
Western Materials - Yakima,1202 S 1st St,Yakima,WA,98901
Western Materials - Pasco,317 S 5th Ave,Pasco,WA,99301
Western Pacific Building Materials,2805 NW 31st Ave,Portland,OR,97210
"Western Timber Products, Inc.",2040 Airport Rd,Council,ID,83612
"Western Woods, Inc.",275 Sikorsky Ave,Chico,CA,95973
Westside Building Supply,8353 Guide Meridian Rd,Lynden,WA,98264
Westside Farm & Feed Inc,817 Swift St,Santa Cruz,CA,95060
Weyrick Pacific,626 N Main St,Templeton,CA,93465
Wheatland Co-op & Country Store,305 16th St,Wheatland,WY,82201
Willamette Graystone,1559 Dowell Rd,Grants Pass,OR,97527
Wilson Pro Pole,1790 Ave G,White City,OR,97503
Withers Lumber - Brooks/Salem,9105 Portland Rd NE,Salem,OR,97305
Withers Lumber - Silverton,1205 N 2nd St,Silverton,OR,97381
Withers Lumber - Molalla,213 W Main St,Molalla,OR,97038
Withers Lumber - Corporate Office,245 Young St,Woodburn,OR,97071
Wood Ply Forest Products,3711 Morrow Ln,Chico,CA,95928
Wood Source,8321 N Steele St,Thorton,CO,80229
Wray Feed Co. Inc.,35017 County Rd FF,Wray,CO,80758
Wray Lumber Co.,445 Main St,Wray,CO,80758
Yelm Farm & Pet Supply,11242 Bald Hill Rd SE,Yelm,WA,98597
Younger Brothers True Value Lumber & Home Center,6350 E 72nd Place,Commerce City,CO,80022
ZE Supply Inc,740 Greene St,Silverton,CO,81433
Ziggy's Building Materials - Hayden Lake,170 W Wyoming Ave,Hayden Lake,ID,83835
Ziggy's Building Materials - Lewiston,1109 Warner Ave,Lewiston,ID,83501
Ziggy's Building Materials - Moses Lake,1520 E Wheeler Rd,Moses Lake,WA,98837
Ziggy's Building Materials - Post Falls,2121 N Hwy 41,Post Falls,ID,83854
Ziggy's Building Materials - Spokane,17002 E Sprague Ave,Spokane Valley,WA,99037
Truitt & White,642 Hearst Ave,Berkeley,CA,94710
Stock Building Supply - West Jordan,1333 W 90000 South,West Jordan,UT,84088
Stock Building Supply - Cedar City,646 N Aviation Way,Cedar City,UT,84720
Stock Building Supply - Layton,1617 West Hillfield Rd,Layton,UT,84041
Stock Building Supply - Kamas,1185 W Lori Ln,Kamas,UT,84036
Wheelwright Lumber,3127 Midland Dr,Ogden,UT,84401
Sunroc Building Materials,35 E 400 South,Springville,UT,84663
KT Custom Exteriors,657 W 7250 South,Midvale,UT,84047
Bison Lumber,1700 Martin Ln ,Jackson,WY  ,83002
Sutherlands Lumber,1780 W N Temple,Salt Lake City,UT,84116
Star Valley Lumber,108577 Hwy 89 ,Etna,WY,83118
Dixie Lumber,1158 W Sunset Blvd,St George,UT,84770
Quality Truss & Lumber,21005 Hwy 30,Filer,ID,83328
Capital Lumber,3105 W State,Boise ,ID,83703
Ronco Building Supply,2580 Overland Ave,Burley,ID,83318
Strinham Lumber,3182 S Main St,Salt Lake City,UT,84165
Gold Beach Lumber Yard â€“ Port Orford,1935 Oregon St,Port Orford,OR,97465
BERCO REDWOOD - SACRAMENTO,4560 AUBURN BLVD,SACRAMENTO,CA,95841
BERCO REDWOOD - ROSEVILLE,860 RIVERSIDE AVE,ROSEVILLE,CA,95678
GARRETT ACE HARDWARE,1340 HEALDSBURG AVE,HEALDSBURG,CA,95448
LONG VALLEY LUMBER,44321 HWY 101,LAYTONVILLE,CA,95454
